case,workers,status,pairs,flint_median_seconds,symbolica_median_seconds,flint_over_symbolica,flint_peak_mib,symbolica_peak_mib,flint_average_cores,symbolica_average_cores
benchmark.tiny_rational_addition,1,measured,3,0.018721016,0.006365822,2.9408638821506474,12.06640625,12.09375,0.9306310026194574,0.8583337705641156
benchmark.tiny_rational_addition,8,measured,3,0.018364235,0.005993751,3.0638968819358694,12.046875,12.05859375,0.9539893493771548,0.9573303929375778
benchmark.sparse_high_degree_multiply,1,measured,3,0.018596895,0.006331112,2.9373820902236445,12.09375,12.0703125,0.929744998877419,0.8599325277118326
benchmark.sparse_high_degree_multiply,8,measured,3,0.019468259,0.006194812,3.1426714805873046,12.05859375,12.08984375,0.9560379547342517,0.9271104550865401
benchmark.dense_polynomial_multiply,1,measured,3,0.018804086,0.006272362,2.9979274155413864,12.0625,12.078125,0.9191970279789718,0.868572317732937
benchmark.dense_polynomial_multiply,8,measured,3,0.017491771,0.00576332,3.0350164488523976,12.078125,12.078125,0.9491277655539441,0.9706663834962483
benchmark.multivariate_gcd,1,measured,3,0.01981303,0.006693254,2.9601491292576076,12.09375,12.0703125,0.9277001130072507,0.8756577891710071
benchmark.multivariate_gcd,8,measured,3,0.018328125,0.006393272,2.866783237128031,12.0625,12.09375,0.9549300641563526,0.9670022606507699
benchmark.dense_parameter_resultant,1,measured,3,2.969104522,0.486361209,6.1047313540994175,43.55078125,67.47265625,0.9889480902297116,0.9865445498553319
benchmark.dense_parameter_resultant,8,measured,3,2.996449985,0.484636622,6.18287980927698,43.55078125,67.46484375,0.9895499843693965,0.9894547341905169
benchmark.shared_denominator_rat_sum,1,measured,3,0.019687201,0.009115292,2.159799269184136,12.078125,12.0625,0.937632947955307,0.9074860136131678
benchmark.shared_denominator_rat_sum,8,measured,3,0.018786707,0.00841457,2.2326401705613,12.078125,12.0625,0.9569532329428463,0.9936463218206348
benchmark.large_multiplicity_partial_fractions,1,measured,3,0.082669084,0.038770558,2.1322644879137416,30.05078125,19.4921875,0.9699562512231987,0.9632567062872812
benchmark.large_multiplicity_partial_fractions,8,measured,3,0.082223613,0.037007901,2.2217853695620295,30.12109375,19.48046875,0.9785442212624953,0.9977466823067137
benchmark.factor_table_multistage,1,measured,3,0.020114942,0.006848614,2.937082159981567,12.06640625,12.09375,0.9250834528879079,0.8744835086340097
benchmark.factor_table_multistage,8,measured,3,0.018582326,0.006533823,2.8440204150005286,12.07421875,12.0703125,0.9517645961006174,0.9593158553575755
benchmark.lr_verify_three_variables,1,measured,3,0.02246944,0.008041579,2.794157714548349,12.0625,12.06640625,0.9363829272113591,0.8995540239205352
benchmark.lr_verify_three_variables,8,measured,3,0.021090545,0.007257445,2.906056470286719,12.0546875,12.08984375,0.9587544475325064,0.9856470799037166
benchmark.euler_filtered_massless_box,1,measured,3,0.02233471,0.007740788,2.885327695319908,12.0703125,12.09375,0.9304799569817562,0.8880232865181168
benchmark.euler_filtered_massless_box,8,measured,3,0.022255189,0.007018645,3.1708668838500884,12.05859375,12.09375,0.9559342386937234,0.9992442147980303
benchmark.high_order_laurent_series,1,measured,3,0.025445511,0.006727194,3.782485089622806,12.08984375,12.0625,0.9408732251437198,0.8852130620879969
benchmark.high_order_laurent_series,8,measured,3,0.02510395,0.006925714,3.624745405311279,12.078125,12.05078125,0.9648282441607795,0.9654371867071274
benchmark.production_mzv_reduction,1,measured,3,0.027853,0.009545594,2.917890704339615,15.05078125,12.09375,0.9484795174667002,0.9083772052320683
benchmark.production_mzv_reduction,8,measured,3,0.027853499,0.008854901,3.1455460653936167,15.03515625,12.0625,0.9652598530218582,0.9556289787994242
benchmark.convergent_integration_step,1,measured,3,0.04215529,0.007923618,5.320207258855739,22.24609375,12.0703125,0.9575310714266229,0.8848230694614506
benchmark.convergent_integration_step,8,measured,3,0.041408147,0.00574592,7.20653037285587,22.28515625,12.046875,0.9669353231382221,0.9730469622236302
benchmark.three_variable_hyperflint,1,measured,3,0.025479231,0.006105972,4.172837838103417,18.0625,12.06640625,0.9429720787561534,0.879466856382571
benchmark.three_variable_hyperflint,8,measured,3,0.028702703,0.009139642,3.1404625038923846,18.01953125,12.0625,0.9619219131692722,1.162156312710451
api.mul_difference_of_squares,1,measured,3,0.018752627,0.006274023,2.988931822532369,12.09375,12.08984375,0.9157093782926272,0.8575565840552246
api.mul_difference_of_squares,8,measured,3,0.018400975,0.006421903,2.865346144281532,12.05078125,12.06640625,0.955438502579347,0.9721734409853106
api.gcd_shared_linear_factor,1,measured,3,0.018865227,0.006639474,2.8413737293044594,12.078125,12.078125,0.9231799861194355,0.8582305756455607
api.gcd_shared_linear_factor,8,measured,3,0.019339169,0.006133322,3.153131206872882,12.046875,9.0546875,0.9497305701191194,0.9667003767356253
api.resultant_linear_substitution,1,measured,3,0.01951898,0.006386573,3.056252547336419,12.0625,12.0625,0.9226525238048812,0.8707915170535308
api.resultant_linear_substitution,8,measured,3,0.019231759,0.006357142,3.025220924748889,12.0703125,9.04296875,0.950149670485394,0.9548435189839412
api.hyperflint_discriminant_sign,1,measured,3,0.019805301,0.006668423,2.9700127001541445,12.09375,12.09375,0.9273274867168139,0.8514756787324379
api.hyperflint_discriminant_sign,8,measured,3,0.020085241,0.006456993,3.1106183636872458,12.06640625,12.06640625,0.9546336557936631,0.963296692438725
api.rational_addition,1,measured,3,0.020057142,0.006546173,3.0639492723458424,12.08984375,12.06640625,0.9235114354776967,0.8684105014210493
api.rational_addition,8,measured,3,0.018988457,0.006399213,2.967311292810538,12.078125,12.0703125,0.9525260530647646,0.972814693393129
api.rational_cross_cancellation,1,measured,3,0.01975418,0.006747884,2.927462890589109,12.06640625,12.078125,0.931499054883574,0.8651601005589308
api.rational_cross_cancellation,8,measured,3,0.019247839,0.006592173,2.919801861996037,12.08984375,12.08984375,0.918672404474296,0.9639702108520541
api.rational_substitution,1,measured,3,0.019217709,0.006617013,2.904287629478739,12.0625,12.0625,0.9104102887602263,0.87720889713427
api.rational_substitution,8,measured,3,0.01958214,0.006643264,2.947668495486556,12.06640625,12.09375,0.9283303479237052,0.9741158371105784
api.two_letter_shuffle,1,measured,3,0.01968759,0.006721674,2.9289712651937596,12.0703125,12.09375,0.9193100831539056,0.8555904377391703
api.two_letter_shuffle,8,measured,3,0.019303629,0.006376433,3.027339736808965,12.0625,12.03125,0.9458342240342441,0.9493991444088052
api.expression_parser,1,measured,3,0.01392727,0.005839671,2.3849408639630556,12.06640625,12.06640625,0.9192038353532315,0.8577538015412169
api.expression_parser,8,measured,3,0.018673537,0.006212582,3.0057610507193306,12.0390625,12.0625,0.9611569828515245,0.9764056232980104
api.parser_unary_minus_power_precedence,1,measured,3,0.017266471,0.006033931,2.8615625534995344,12.08984375,12.078125,0.9251431523977268,0.8659363191259561
api.parser_unary_minus_power_precedence,8,measured,3,0.018583596,0.006232462,2.9817423676229393,12.078125,12.06640625,0.9525975308284037,0.9622845897643325
api.parser_parenthesized_negative_base,1,measured,3,0.019629691,0.006279443,3.126024234952049,12.06640625,12.078125,0.9227533358233662,0.8683250597401588
api.parser_parenthesized_negative_base,8,measured,3,0.019252779,0.006002961,3.2072137400193004,12.09375,12.06640625,0.9463007589109089,0.9686283326822778
api.parser_right_associative_power,1,measured,3,0.018844728,0.006532863,2.884604804968358,12.05859375,12.08984375,0.9217568920565802,0.8678192884670761
api.parser_right_associative_power,8,measured,3,0.019758321,0.006208672,3.1823747493827983,12.06640625,9.05859375,0.9546438327014444,0.9435190005205623
api.empty_hlog_word,1,measured,3,0.014668612,0.004615156,3.178356701268603,12.06640625,12.06640625,0.9184324000401248,0.867150158019833
api.empty_hlog_word,8,measured,3,0.018253425,0.005996321,3.044104043129112,12.0625,12.0625,0.9370861232876853,0.9610370531470176
api.repeated_linear_factorization,1,measured,3,0.014159461,0.005012288,2.8249496038535695,12.0625,12.0703125,0.9273479085364514,0.8576921358070406
api.repeated_linear_factorization,8,measured,3,0.017991524,0.005975091,3.0110878646032333,12.06640625,12.046875,0.9569431903330504,0.9700270673701873
api.repeated_pole_partial_fractions,1,measured,3,0.01402769,0.005117368,2.7411923473160424,13.94140625,12.0703125,0.9265964028610117,0.8701968010861555
api.repeated_pole_partial_fractions,8,measured,3,0.01662357,0.00555123,2.9945741754530077,12.078125,12.05859375,0.9531045377136199,0.9787020173907405
api.simple_primitive,1,measured,3,0.015426086,0.005135158,3.004013897917065,12.0625,12.08984375,0.9350664936994417,0.873975055879488
api.simple_primitive,8,measured,3,0.017469953,0.005831671,2.9957027754137706,13.8984375,12.0390625,0.9575989583714688,0.9715411728640485
api.linear_reducibility,1,measured,3,0.01378342,0.004812847,2.8638807757653626,12.078125,12.09375,0.9317135700903055,0.8782356014520392
api.linear_reducibility,8,measured,3,0.018424446,0.005763901,3.1965236738104976,12.09375,12.06640625,0.9631292940626549,0.9869945033288602
api.verify_order_all_linear_multigroup,1,measured,3,0.013520879,0.004495067,3.0079371453195245,12.06640625,12.078125,0.9335678208870397,0.8720670904349146
api.verify_order_all_linear_multigroup,8,measured,3,0.013159847,0.005193779,2.5337710749725777,12.05859375,12.06640625,0.958968089174611,0.9740499162555819
api.verify_order_genuine_quadratic_block,1,measured,3,0.013284368,0.004761537,2.789932746506013,12.09375,12.0625,0.9326007047582467,0.8789178788277818
api.verify_order_genuine_quadratic_block,8,measured,3,0.017513873,0.0057021,3.071477701197804,12.03125,12.0703125,0.9535869079329283,0.9885831535749987
api.verify_order_malformed_permutation,1,measured,3,0.014207971,0.004257886,3.3368603574637743,12.06640625,12.0703125,0.9357423378749858,0.8765337229038769
api.verify_order_malformed_permutation,8,measured,3,0.015481986,0.005369669,2.8832291152396916,12.0703125,12.046875,0.9532368780077698,0.9760345381485855
api.verify_order_forbidden_dependency_carry_inert,1,measured,3,0.013430898,0.004565357,2.9419162619703125,12.0625,12.0625,0.9313599135366823,0.8830469874756729
api.verify_order_forbidden_dependency_carry_inert,8,measured,3,0.017908164,0.004378456,4.090063711956909,12.06640625,12.0546875,0.9587191278965719,0.9904219041339657
api.verify_order_e26_intersection_regression,1,measured,3,0.096506796,0.041706879,2.3139299394711363,13.9609375,18.55078125,0.9786046570233251,0.9670107418011307
api.verify_order_e26_intersection_regression,8,measured,3,0.096704676,0.057752647,1.6744630943063097,13.93359375,18.48046875,0.981974545263429,0.9916948049151756
api.mzv_reduction,1,measured,3,0.019961972,0.00541125,3.6889761145761146,15.02734375,12.08984375,0.9465679519864519,0.9001617001617002
api.mzv_reduction,8,measured,3,0.026537555,0.007090025,3.7429423732638463,15.01953125,12.0625,0.9699322971782093,0.9624789757440911
api.convergent_integration_step,1,measured,3,0.028871204,0.005747901,5.022912537985606,22.30078125,12.06640625,0.9560126381375904,0.8860591394676267
api.convergent_integration_step,8,measured,3,0.040594766,0.005679121,7.148072034387011,22.29296875,12.05078125,0.9736700435043605,0.9692641547593086
api.two_variable_hyperflint,1,measured,3,0.020433513,0.006718234,3.041500638411821,18.01953125,12.08984375,0.9544534991209933,0.898450396339276
api.two_variable_hyperflint,8,measured,3,0.024420208,0.008498841,2.873357437796518,18.02734375,12.0390625,0.9703041964841278,1.2909922114528478
api.dispatch_add,1,measured,3,0.014976254,0.004466076,3.353336127732712,12.06640625,12.08984375,0.9311752456004272,0.8712838613406795
api.dispatch_add,8,measured,3,0.015634516,0.00548162,2.852170708659119,12.078125,12.06640625,0.9561608447439994,0.9838332463760713
api.dispatch_algebraic_letters_allocate,1,measured,3,0.015899047,0.004695827,3.3857820997238615,12.0625,12.06640625,0.932379995090197,0.8776008761137101
api.dispatch_algebraic_letters_allocate,8,measured,3,0.017617934,0.00567857,3.102530038372336,12.0703125,12.09375,0.9612364310139884,0.9316616856215684
api.dispatch_algebraic_letters_clear,1,measured,3,0.012311054,0.004619856,2.664813362148084,12.09375,12.09375,0.9306107556928789,0.8528404348533807
api.dispatch_algebraic_letters_clear,8,measured,3,0.016604159,0.004584916,3.6214750717352295,12.09375,12.0625,0.9678900328526124,0.9427603058790757
api.dispatch_algebraic_letters_show,1,measured,3,0.015475046,0.003860604,4.008452045327622,12.078125,12.0625,0.9260069404640219,0.8557367525263997
api.dispatch_algebraic_letters_show,8,measured,3,0.014627272,0.004684557,3.122445089258173,12.09375,12.0625,0.9526041492904487,0.9361439795787331
api.dispatch_back_substitute,1,measured,3,0.013092607,0.004656977,2.8113961052416623,12.05859375,12.0703125,0.9270117097381751,0.8724080444773129
api.dispatch_back_substitute,8,measured,3,0.014965884,0.004780597,3.1305470843913428,12.05859375,12.078125,0.9627533770948126,0.9908389499365792
api.dispatch_break_up_contour_sym,1,measured,3,0.01952461,0.004793357,4.073264311420994,14.9921875,12.0625,0.950292170090624,0.8759766856727444
api.dispatch_break_up_contour_sym,8,measured,3,0.023068543,0.005065298,4.55423214981626,14.98828125,12.0625,0.9694281213999002,0.9791050937881894
api.dispatch_collect_words,1,measured,3,0.012875676,0.004306265,2.9899869144142315,12.05078125,12.06640625,0.932766559208231,0.8591637269167385
api.dispatch_collect_words,8,measured,3,0.017444173,0.005438139,3.2077468045594277,12.09375,12.078125,0.9654817794152644,0.9750485215282533
api.dispatch_combine_wm_wp_ratios,1,measured,3,0.013016937,0.004370166,2.9785909734321305,12.0703125,12.0625,0.9235559952783865,0.8702912340380572
api.dispatch_combine_wm_wp_ratios,8,measured,3,0.013463338,0.004486096,3.00112570038626,12.06640625,12.08984375,0.9548152174445892,0.9749123618851933
api.dispatch_concat_mul,1,measured,3,0.012924506,0.004368186,2.9587810592314527,12.06640625,12.078125,0.9202672813955133,0.8696163139002581
api.dispatch_concat_mul,8,measured,3,0.013489408,0.005101348,2.644283040482633,12.08984375,12.046875,0.954823221300742,0.969155603577721
api.dispatch_convert_1inf_to_01,1,measured,3,0.012720725,0.004495996,2.829345266321411,12.09375,12.09375,0.9317171314922505,0.8588055302077227
api.dispatch_convert_1inf_to_01,8,measured,3,0.014302851,0.004493597,3.1829403037255006,12.046875,12.09375,0.9518711379166026,0.974052635338683
api.dispatch_convert_ab_to_zero_inf,1,measured,3,0.012692226,0.004281185,2.9646525436298594,12.046875,12.0546875,0.9272605136403969,0.8726808733644354
api.dispatch_convert_ab_to_zero_inf,8,measured,3,0.012599285,0.005124068,2.458844222988454,12.0625,12.09375,0.9610862838645209,0.9915949593174798
api.dispatch_derivative,1,measured,3,0.012247815,0.004303065,2.846300253424013,12.09375,12.046875,0.9355448783395486,0.8717042387228638
api.dispatch_derivative,8,measured,3,0.011897172,0.004264976,2.7895050288676884,12.05859375,12.09375,0.9616571064115069,0.9810629011431505
api.dispatch_differentiate_wordlist,1,measured,3,0.012776456,0.004476076,2.8543876377434163,12.06640625,12.0703125,0.9288040069357796,0.8552133609885086
api.dispatch_differentiate_wordlist,8,measured,3,0.017814074,0.005433899,3.2783226188046557,12.05859375,12.0390625,0.9652046741153145,0.9855341199638488
api.dispatch_diff_hlog,1,measured,3,0.013053197,0.004325745,3.0175604433455976,12.0625,12.06640625,0.9305766242553453,0.8686539710145603
api.dispatch_diff_hlog,8,measured,3,0.01376232,0.004554886,3.02144115132629,12.078125,12.0625,0.9638877454817086,0.9742957342714542
api.dispatch_diff_mpl,1,measured,3,0.013057227,0.004528166,2.883557493254443,12.0625,12.09375,0.9324945771623546,0.8676050180925406
api.dispatch_diff_mpl,8,measured,3,0.015430706,0.005046118,3.0579360213138105,12.08984375,12.08984375,0.9611355436361758,0.9888071518408933
api.dispatch_divexact,1,measured,3,0.013013106,0.004539567,2.866596307533295,12.0625,12.078125,0.9319066485741375,0.8656058159531836
api.dispatch_divexact,8,measured,3,0.013073817,0.004350096,3.005408846149602,12.0625,12.06640625,0.9567581449030339,0.9733118533476043
api.dispatch_eval,1,measured,3,0.014264071,0.004319225,3.3024607423785515,12.06640625,12.09375,0.9285567913956682,0.8681527754106857
api.dispatch_eval,8,measured,3,0.015976857,0.004643316,3.440829140209282,12.08984375,12.06640625,0.9583635821601281,0.9745948177842475
api.dispatch_expand_inf_word,1,measured,3,0.012851546,0.004297075,2.990766044344118,12.0703125,12.0625,0.9310202033158079,0.8652170566767716
api.dispatch_expand_inf_word,8,measured,3,0.013125608,0.004017615,3.267014883208072,12.06640625,12.05859375,0.9610506204466782,0.9730069429980701
api.dispatch_expand_zero_word,1,measured,3,0.013265108,0.004117695,3.2214887212384595,12.09375,12.09375,0.9334319496486284,0.8781798034091912
api.dispatch_expand_zero_word,8,measured,3,0.012750776,0.003990364,3.195391698601932,12.08984375,12.046875,0.9561770985546292,0.9797342473920986
api.dispatch_find_lr_orders_scan,1,measured,3,0.012899216,0.004429987,2.9117954522214173,12.078125,12.078125,0.9235584703109451,0.8711512808646177
api.dispatch_find_lr_orders_scan,8,measured,3,0.012657186,0.004229636,2.9925000638352803,12.08984375,12.078125,0.9582343032134146,0.9760988641114489
api.dispatch_hlog_series,1,measured,3,0.012767517,0.004572726,2.7921019103265756,12.08984375,12.06640625,0.9298414088117939,0.8666981089465304
api.dispatch_hlog_series,8,measured,3,0.014765744,0.004208725,3.50836512245395,12.08984375,12.0703125,0.9608117920264528,0.9765427772068738
api.dispatch_hlog_zero_expand,1,measured,3,0.012608495,0.004583577,2.7507981212053383,12.06640625,12.09375,0.930460743157401,0.8687538138881489
api.dispatch_hlog_zero_expand,8,measured,3,0.012483525,0.004984278,2.504580402617992,12.06640625,12.09375,0.958927104106559,0.9750578655836117
api.dispatch_mpl_series,1,measured,3,0.019861761,0.006241972,3.181968935458217,12.08984375,12.08984375,0.9136148602331888,0.8412289171980766
api.dispatch_mpl_series,8,measured,3,0.021079966,0.006196793,3.4017541008712087,12.05078125,12.06640625,0.9021424695560541,0.9515211779950385
api.dispatch_mpl_sum,1,measured,3,0.02221398,0.006811455,3.261267966976219,12.0703125,12.06640625,0.8053487038342522,0.8569786354218323
api.dispatch_mpl_sum,8,measured,3,0.019953772,0.006555134,3.0439914729431927,12.078125,12.0546875,0.926488704893358,0.8515462841796979
api.dispatch_neg,1,measured,3,0.020291404,0.007025385,2.8882977943557537,12.05859375,12.078125,0.9205375833037477,0.8234833060374366
api.dispatch_neg,8,measured,3,0.019536681,0.006479474,3.0151646568841857,12.06640625,12.05078125,0.9105624890706161,0.8551248080965347
api.dispatch_pole_degree,1,measured,3,0.019097949,0.006660144,2.8674979099551,12.09375,12.08984375,0.9165649999909818,0.8557400281282264
api.dispatch_pole_degree,8,measured,3,0.019537821,0.006850065,2.8522095775733516,12.08984375,12.09375,0.9123842418251247,0.8310870042839009
api.dispatch_rat_div,1,measured,3,0.018291926,0.006375403,2.8691403508139013,12.09375,12.09375,0.9278410594925871,0.8686509699857405
api.dispatch_rat_div,8,measured,3,0.018137806,0.005944352,3.0512671524162767,12.09375,12.05078125,0.9480741405082856,0.9683576105479291
api.dispatch_rat_residue,1,measured,3,0.018771539,0.006301213,2.979035782475533,12.09375,12.08984375,0.9225272089262089,0.8621139394718909
api.dispatch_rat_residue,8,measured,3,0.018780158,0.006488133,2.8945396156336503,12.03125,12.0703125,0.9468816625376099,0.9839487432220363
api.dispatch_reg0,1,measured,3,0.018004885,0.006034322,2.983746144140137,12.078125,12.09375,0.9139973938316033,0.8619029610948835
api.dispatch_reg0,8,measured,3,0.018157236,0.00565416,3.2113056581348953,10.91796875,12.0625,0.9487677529773805,0.9587705035166743
api.dispatch_reg_head,1,measured,3,0.018161356,0.006695785,2.7123565048758285,12.09375,12.0625,0.9218474655747071,0.8578762901787313
api.dispatch_reg_head,8,measured,3,0.017675864,0.005939231,2.976119972434142,12.08984375,12.08984375,0.95361675106801,0.9505807519095407
api.dispatch_reg_tail,1,measured,3,0.018651877,0.006091942,3.0617292482430067,12.06640625,12.078125,0.9121866146910508,0.8640846681317794
api.dispatch_reg_tail,8,measured,3,0.01932186,0.0056758,3.404253144931111,12.0625,12.0703125,0.9174448512313941,0.9258696499513169
api.dispatch_regzero_word,1,measured,3,0.01929062,0.006441983,2.994515819119672,12.0625,12.078125,0.9148931332893783,0.8413736990613476
api.dispatch_regzero_word,8,measured,3,0.018732527,0.006329103,2.9597443745187904,12.05859375,12.06640625,0.92112505696642,0.8650514930788771
api.dispatch_shuffle_product,1,measured,3,0.018318046,0.006273942,2.919702796104905,12.0703125,12.09375,0.9233517592433167,0.8509801333834454
api.dispatch_shuffle_product,8,measured,3,0.018692757,0.006418584,2.912286728661649,12.06640625,12.08984375,0.9234057875999779,0.8410984188741248
api.dispatch_shuffle_symbolic,1,measured,3,0.018618138,0.006157633,3.0235868230535985,12.0625,12.08984375,0.9152882688451798,0.8463429702008745
api.dispatch_shuffle_symbolic,8,measured,3,0.017753965,0.005972511,2.9726131940150466,12.08984375,12.0625,0.9361603837786974,0.9449572050016634
api.dispatch_simplify_with_vieta,1,measured,3,0.018139345,0.006350393,2.8564129810548735,12.06640625,12.078125,0.9277622758704903,0.8676628359851115
api.dispatch_simplify_with_vieta,8,measured,3,0.017811874,0.006527124,2.7289008145088096,12.05859375,12.05859375,0.9459730103931361,0.953406124964073
api.dispatch_sub,1,measured,3,0.018055305,0.006568504,2.7487697350873197,12.06640625,12.078125,0.928832255404115,0.8536190280161206
api.dispatch_sub,8,measured,3,0.018003655,0.005872691,3.065656783236169,12.05078125,12.05078125,0.9485851622906571,0.9550562341368256
api.dispatch_sym_arith,1,measured,3,0.030537011,0.006786834,4.499448638348897,15.01171875,12.09375,0.9381116974332089,0.8855380874204378
api.dispatch_sym_arith,8,measured,3,0.030046169,0.006648274,4.519393905846841,15.02734375,12.08984375,0.966274092358605,0.968672470478804
api.dispatch_zero_inf_period,1,measured,3,0.027419879,0.008094259,3.3875712403074827,15.01171875,12.05859375,0.9476970284272855,0.8797727704874663
api.dispatch_zero_inf_period,8,measured,3,0.027126058,0.007565057,3.585704377376139,15.01953125,12.06640625,0.9658038674034166,0.9727002675758527
api.dispatch_zero_one_period,1,measured,3,0.026900337,0.007663468,3.510204126904425,15.0,12.06640625,0.9504455227333234,0.888196830845285
api.dispatch_zero_one_period,8,measured,3,0.027244918,0.007495107,3.6350272250949853,15.02734375,12.046875,0.9619775695415931,0.971567183764021
api.dispatch_break_up_contour,1,measured,3,0.027033858,0.006837065,3.954015063481187,14.98828125,12.08984375,0.9479224164009443,0.8680625385307877
api.dispatch_break_up_contour,8,measured,3,0.02746444,0.006712125,4.0917652755274965,15.00390625,12.046875,0.963784395729937,0.9713764269884724
api.dispatch_convert_zero_one,1,measured,3,0.017593044,0.006574514,2.675945933037788,12.0703125,12.09375,0.9369720971073443,0.8568098282879817
api.dispatch_convert_zero_one,8,measured,3,0.018587797,0.005790861,3.2098503141415415,12.0625,12.078125,0.9488412780030651,0.963069222348801
api.dispatch_evaluate_periods,1,measured,3,0.02777147,0.007932569,3.5009427588968967,15.0078125,12.0625,0.9452758751945944,0.8901277757558743
api.dispatch_evaluate_periods,8,measured,3,0.026875017,0.007154216,3.756528597962377,15.046875,12.05078125,0.9652539458684695,0.9803649547274863
api.dispatch_factor,1,measured,3,0.017416453,0.006113152,2.849013569431939,12.0625,12.0625,0.9216937154384214,0.88019253628712
api.dispatch_factor,8,measured,3,0.018197126,0.005943781,3.061540457160181,12.078125,12.09375,0.9559544842725367,0.9705943068898399
api.dispatch_factor_table,1,measured,3,0.018889938,0.005934662,3.182984641753818,12.0703125,12.0390625,0.9261131281463905,0.8730067525328317
api.dispatch_factor_table,8,measured,3,0.01662125,0.00555381,2.992765326865701,12.08984375,12.06640625,0.951613145822366,0.962170870313851
api.dispatch_fibration_basis,1,measured,3,0.02761036,0.007161836,3.855206960896619,15.01171875,12.08984375,0.9364553054383956,0.88064010401802
api.dispatch_fibration_basis,8,measured,3,0.026086895,0.006809555,3.830925075133397,15.02734375,12.08984375,0.9646420149052507,0.9645889918788103
api.dispatch_pow,1,measured,3,0.017350953,0.005834751,2.9737263852390616,12.0625,12.08984375,0.9147970092996942,0.8701329766974184
api.dispatch_pow,8,measured,3,0.016817781,0.00550497,3.0550177385162867,12.0703125,12.06640625,0.95410922523013,0.9705866633411128
api.dispatch_rat_sub,1,measured,3,0.017610004,0.006169232,2.854488856959829,12.05859375,12.09375,0.9271720427943916,0.8668826200732928
api.dispatch_rat_sub,8,measured,3,0.017397013,0.00555409,3.1322886377426364,12.08984375,12.08984375,0.9449898094575201,0.9756773836938184
api.dispatch_rat_sum,1,measured,3,0.018134946,0.005878141,3.085149879868482,12.08984375,12.0546875,0.9225282501530471,0.8618305920167467
api.dispatch_rat_sum,8,measured,3,0.016797771,0.00555259,3.02521363904052,12.08984375,12.06640625,0.9574115944798336,0.9633669855208449
api.dispatch_reglim_word,1,measured,3,0.026126125,0.006213182,4.204950860927621,15.01171875,12.09375,0.950979319333666,0.8815128866336122
api.dispatch_reglim_word,8,measured,3,0.025746103,0.006426134,4.006468430319069,14.9921875,12.06640625,0.9536132106841718,0.9816166298430752
api.dispatch_series_expansion,1,measured,3,0.017266013,0.005756241,2.9995292066471855,12.09375,12.09375,0.9276264085366134,0.8755885901077947
api.dispatch_series_expansion,8,measured,3,0.01636418,0.00547679,2.987914453539391,12.0625,12.0625,0.9564129922902341,0.9629728362781849
api.dispatch_sym_reduce,1,measured,3,0.027028798,0.006379383,4.236898458675393,14.9921875,12.09375,0.9402330472828243,0.8814332044337203
api.dispatch_sym_reduce,8,measured,3,0.026802067,0.006190483,4.329559906714872,14.9921875,12.05078125,0.9668284166292099,0.9722620427048803
api.dispatch_test_zero_function,1,measured,3,0.026085915,0.006280772,4.15329755641504,14.9921875,12.078125,0.9477528390320984,0.8807834450924186
api.dispatch_test_zero_function,8,measured,3,0.025272372,0.005884181,4.294968492641543,15.01171875,12.078125,0.9645209189313941,0.9695486933525668
api.dispatch_transform_shuffle,1,measured,3,0.025695293,0.006421164,4.001656553235519,14.98046875,12.09375,0.9498626849672428,0.8594199346133607
api.dispatch_transform_shuffle,8,measured,3,0.026033024,0.006148152,4.234284383339904,15.01171875,12.06640625,0.9680141358500182,0.9726443158702991
api.dispatch_transform_word,1,measured,3,0.025798574,0.006476884,3.983176786862325,15.00390625,12.09375,0.9549984711290325,0.8619885735177595
api.dispatch_transform_word,8,measured,3,0.025599243,0.006106372,4.192218063360699,15.0078125,12.06640625,0.9620550080810103,0.9737369423284399
scale.multiply.d8.v1,1,measured,3,0.01655936,0.005790301,2.859844419141595,12.08984375,12.0625,0.9348791257633146,0.8731141511513691
scale.multiply.d8.v1,8,measured,3,0.017251333,0.00555272,3.1068256638188134,12.078125,12.09375,0.9561210085155243,0.974077597913323
scale.multiply.d8.v3,1,measured,3,0.016705931,0.006326793,2.640505387168507,12.078125,12.0625,0.9213982844106924,0.858699362302491
scale.multiply.d8.v3,8,measured,3,0.016307789,0.00555359,2.9364409328020256,12.0703125,12.05078125,0.9569986418497896,0.9724216177660672
scale.multiply.d8.v8,1,measured,3,0.017542253,0.005822491,3.0128433002300907,12.06640625,12.0703125,0.9304182620898502,0.8731198427233214
scale.multiply.d8.v8,8,measured,3,0.017262732,0.005746001,3.004303688774158,12.06640625,12.09375,0.953441205018997,0.9738806644130659
scale.multiply.d32.v1,1,measured,3,0.016875851,0.005897592,2.861481601304397,12.0703125,12.05859375,0.9176902186398911,0.8680877726997024
scale.multiply.d32.v1,8,measured,3,0.018313637,0.005640821,3.2466261560152327,12.06640625,12.0625,0.9589522679926846,0.9737279053177095
scale.multiply.d32.v3,1,measured,3,0.017090212,0.005835981,2.92842145990537,12.09375,12.0703125,0.9314688431015368,0.8631773872331505
scale.multiply.d32.v3,8,measured,3,0.017258502,0.005986461,2.8829223142019966,12.08984375,12.09375,0.9583682291777119,0.9688528831976021
scale.multiply.d32.v8,1,measured,3,0.017753714,0.00580401,3.0588703327527003,12.08984375,12.046875,0.9301970637624153,0.8778363471032807
scale.multiply.d32.v8,8,measured,3,0.017005722,0.005697781,2.984621908072634,12.078125,12.0625,0.9508684598600055,0.9754674670718303
scale.multiply.d128.v1,1,measured,3,0.017336143,0.005931861,2.922547072495461,12.0625,12.078125,0.9327358807199255,0.8690358725533184
scale.multiply.d128.v1,8,measured,3,0.017704705,0.00560607,3.1581312755638087,12.0625,12.078125,0.9536722723317196,0.9726239354586291
scale.multiply.d128.v3,1,measured,3,0.018548788,0.006622094,2.8010457115226695,12.05078125,12.0703125,0.9279160491907066,0.8754271361992292
scale.multiply.d128.v3,8,measured,3,0.017989165,0.005844082,3.0781849056874977,12.0703125,12.08984375,0.949849534428085,0.9724915219018897
scale.multiply.d128.v8,1,measured,3,0.017721235,0.005950032,2.9783428055512977,12.09375,12.06640625,0.93214384346531,0.8766511418960427
scale.multiply.d128.v8,8,measured,3,0.018147416,0.006119992,2.965267928454808,12.09375,12.078125,0.9536849881814534,0.9704843980922232
scale.dense_multiply.d4.v2,1,measured,3,0.017233793,0.006340563,2.718022516297055,12.078125,12.0625,0.9367641818606037,0.8679040015847174
scale.dense_multiply.d4.v2,8,measured,3,0.017205982,0.005772621,2.9806186825707077,12.0625,12.0703125,0.9507528424703252,0.9730737009109138
scale.dense_power.d4.v2,1,measured,3,0.017590584,0.006063292,2.9011606236348175,12.08984375,12.0703125,0.9215109995400479,0.872298414788534
scale.dense_power.d4.v2,8,measured,3,0.017677545,0.005659021,3.1237814809310653,12.06640625,12.06640625,0.9547432626489825,0.9781316165884439
scale.dense_multiply.d4.v3,1,measured,3,0.017286413,0.006112293,2.828138801592136,12.09375,12.08984375,0.9363562805162368,0.8797025927912815
scale.dense_multiply.d4.v3,8,measured,3,0.016762501,0.005891802,2.845055044280171,12.078125,12.0546875,0.9541212092927895,0.9749888601548943
scale.dense_power.d4.v3,1,measured,3,0.017477124,0.005816922,3.0045312624099134,12.08984375,12.05859375,0.9318784673414204,0.8748593142161525
scale.dense_power.d4.v3,8,measured,3,0.016810342,0.00553137,3.039091942864064,10.91015625,12.06640625,0.9652749701393591,0.986008723012613
scale.dense_multiply.d8.v2,1,measured,3,0.016768601,0.005949412,2.8185308060695746,12.08984375,12.046875,0.9410444119486482,0.8850402813302183
scale.dense_multiply.d8.v2,8,measured,3,0.013920631,0.00553698,2.514119790932963,12.08984375,12.09375,0.9604229086257124,0.9952024450377619
scale.dense_power.d8.v2,1,measured,3,0.017198023,0.005907932,2.911005576909145,12.06640625,12.08984375,0.9315605636764179,0.8788185104364776
scale.dense_power.d8.v2,8,measured,3,0.012005474,0.004326816,2.7746670993173734,12.06640625,12.08984375,0.9589992402018883,0.9851184120206196
scale.dense_multiply.d8.v3,1,measured,3,0.018882509,0.007628597,2.4752269650631695,12.06640625,12.09375,0.9405000151198127,0.8729027574087718
scale.dense_multiply.d8.v3,8,measured,3,0.013414529,0.005290539,2.535569438199019,12.078125,12.07421875,0.9608844283899309,1.0072393540416966
scale.dense_power.d8.v3,1,measured,3,0.013642519,0.004843027,2.816940520876716,12.0703125,12.08984375,0.9311330260929085,0.9004826455971332
scale.dense_power.d8.v3,8,measured,3,0.013196777,0.004736198,2.7863651392952744,12.078125,12.09375,0.966743449794391,1.0130488632443153
scale.dense_multiply.d12.v2,1,measured,3,0.012700476,0.004442627,2.858776125026927,12.0703125,12.05078125,0.9389362853180052,0.8869257742979483
scale.dense_multiply.d12.v2,8,measured,3,0.012405996,0.004370715,2.838436274156517,12.06640625,12.046875,0.9609571284853072,0.9798227883420555
scale.dense_power.d12.v2,1,measured,3,0.012227375,0.004531016,2.6985945315576023,12.0703125,12.0546875,0.9348704467107888,0.8867768288613415
scale.dense_power.d12.v2,8,measured,3,0.012103054,0.004114905,2.941271791207816,12.06640625,12.09375,0.9643020678912942,0.9855576957855271
scale.dense_multiply.d12.v3,1,measured,3,0.017060092,0.007458888,2.2872165395163457,15.58203125,15.48828125,0.9522113610401899,0.9262774826488881
scale.dense_multiply.d12.v3,8,measured,3,0.016888192,0.006830515,2.4724624717169936,15.6015625,15.4765625,0.9683115891862852,1.0082695082288817
scale.dense_power.d12.v3,1,measured,3,0.01657173,0.006195102,2.674972906015107,15.59375,12.05859375,0.9510171840839792,0.9112037219080493
scale.dense_power.d12.v3,8,measured,3,0.01652523,0.006000642,2.7539103315945193,15.6015625,15.484375,0.9688726593391702,1.0097840696348903
scale.parse_rational_power.n-3,1,measured,3,0.012408576,0.004212415,2.9457154625078488,12.09375,12.06640625,0.9312765700310193,0.8832758720997504
scale.parse_rational_power.n-3,8,measured,3,0.012926187,0.004178685,3.093362385535163,12.06640625,12.05859375,0.9584419597209912,0.9852358666527422
scale.parse_rational_power.n-2,1,measured,3,0.012230535,0.004501426,2.7170356682526826,12.06640625,12.09375,0.9366604849435706,0.8821648961906738
scale.parse_rational_power.n-2,8,measured,3,0.013926601,0.004788558,2.908307887259588,12.06640625,12.06640625,0.9608365297290894,0.9878007388999208
scale.parse_rational_power.n-1,1,measured,3,0.012820677,0.004672348,2.7439473686463427,12.08984375,12.078125,0.9314075957187895,0.8762762389370692
scale.parse_rational_power.n-1,8,measured,3,0.013039608,0.004551557,2.8648675607050507,12.0625,12.09375,0.9619921089652388,0.9789652335436394
scale.parse_rational_power.n2,1,measured,3,0.013088747,0.004373306,2.9928724402088487,12.09375,12.09375,0.9389890553238828,0.8750816887727499
scale.parse_rational_power.n2,8,measured,3,0.015996159,0.004692608,3.408799328646245,12.05078125,12.0703125,0.9572923099851658,0.9790492724328015
scale.parse_rational_power.n3,1,measured,3,0.012825457,0.004172845,3.073552216772969,12.05859375,12.08984375,0.932605920479469,0.879735528158846
scale.parse_rational_power.n3,8,measured,3,0.012926337,0.004346416,2.9740220448295793,12.0546875,12.09375,0.9599765722498881,0.9799599993201018
scale.parse_rational_power.n5,1,measured,3,0.012639376,0.004339816,2.9124220934712444,12.08984375,12.0625,0.9352616579079114,0.8827563196227675
scale.parse_rational_power.n5,8,measured,3,0.012427925,0.004540527,2.7371106922170045,12.09375,12.0703125,0.9604982328103847,0.9774678658146603
scale.rational_derivative.den1,1,measured,3,0.012783687,0.004367386,2.9270797222869698,12.09375,12.09375,0.9374145908705118,0.8818996752022472
scale.rational_derivative.den1,8,measured,3,0.012599976,0.004409096,2.8577232158247403,12.0703125,12.09375,0.9625345574207481,0.970942713072136
scale.rational_derivative.den2,1,measured,3,0.013284998,0.004433146,2.996742719504388,12.06640625,12.09375,0.9343622031407156,0.8824433032433401
scale.rational_derivative.den2,8,measured,3,0.01369251,0.004335716,3.1580735454074946,12.06640625,12.08984375,0.9625556793779035,0.9779238308044161
scale.rational_derivative.den4,1,measured,3,0.01375686,0.004545116,3.0267346311953314,12.06640625,12.0703125,0.9357513269743241,0.883366508855499
scale.rational_derivative.den4,8,measured,3,0.017366453,0.005752361,3.019013062636368,12.0625,12.08984375,0.9657555556608437,0.9882898517669527
scale.rational_derivative.den8,1,measured,3,0.013216838,0.004609707,2.867175289015115,12.06640625,12.06640625,0.9365103420225872,0.8777478752833625
scale.rational_derivative.den8,8,measured,3,0.018348148,0.004384986,4.184311648885539,12.08984375,12.06640625,0.9677224817047073,0.9799347135885953
scale.gcd.d2,1,measured,3,0.013203999,0.004615777,2.860623249346751,12.078125,12.0703125,0.9354929347083579,0.8815417209280257
scale.gcd.d2,8,measured,3,0.014708834,0.004231005,3.476439758402554,12.06640625,12.09375,0.9601712821016268,0.9874047297272551
scale.gcd.d4,1,measured,3,0.01354973,0.004683407,2.8931352752387314,12.09375,12.05078125,0.9337178579716915,0.8837583408830366
scale.gcd.d4,8,measured,3,0.018289587,0.004609237,3.9680291987589267,12.09375,12.0546875,0.9647019366812384,0.9818097842645853
scale.gcd.d8,1,measured,3,0.013914981,0.004704247,2.95796139105791,12.08984375,12.06640625,0.9337614971417788,0.8768672223205967
scale.gcd.d8,8,measured,3,0.01364207,0.004466516,3.0542978016870417,12.078125,12.0625,0.9615842757000954,0.978393578798349
scale.resultant.d2,1,measured,3,0.012527716,0.004385956,2.856325052052506,12.0703125,12.0625,0.9300178899330094,0.883237643153932
scale.resultant.d2,8,measured,3,0.012330795,0.004107755,3.0018331180900515,12.05859375,12.05859375,0.957523134274255,0.9808469911032228
scale.resultant.d4,1,measured,3,0.012529596,0.004333426,2.8913833996473004,12.05859375,12.08984375,0.9321578789126048,0.8824426677644893
scale.resultant.d4,8,measured,3,0.012285505,0.004123255,2.9795646885773497,12.078125,12.06640625,0.9572740442791705,0.9795659012115429
scale.resultant.d6,1,measured,3,0.013107388,0.004614648,2.8403873924945087,12.0625,12.08984375,0.930315025388735,0.8691065996853288
scale.resultant.d6,8,measured,3,0.015024635,0.004649257,3.231620665409548,12.08984375,12.09375,0.9499066033883685,0.9774452795971112
scale.partial_fractions.p2.m1,1,measured,3,0.014598363,0.005049308,2.8911611254453087,13.90234375,12.06640625,0.9296932813631227,0.868338629314202
scale.partial_fractions.p2.m1,8,measured,3,0.019413661,0.006156203,3.1535121567628615,13.9140625,12.09375,0.9526246118342141,0.9760097878966989
scale.partial_fractions.p3.m1,1,measured,3,0.019791483,0.00534104,3.7055485448526877,13.9296875,12.078125,0.9351315332915703,0.8751621321459304
scale.partial_fractions.p3.m1,8,measured,3,0.020102164,0.006606064,3.0429865650711223,13.90625,12.06640625,0.9506758829689838,0.9718343630942722
scale.partial_fractions.p4.m1,1,measured,3,0.019827393,0.007190937,2.757275303621767,13.90234375,12.08984375,0.9348105855770883,0.857795909960445
scale.partial_fractions.p4.m1,8,measured,3,0.019543402,0.006988746,2.7964104003779795,13.92578125,12.0703125,0.9494775390535387,0.9335008025760272
scale.partial_fractions.p2.m3,1,measured,3,0.019611531,0.005033688,3.896056132203665,13.91796875,12.09375,0.9352958123000716,0.8764945304516291
scale.partial_fractions.p2.m3,8,measured,3,0.018470477,0.006746295,2.7378697492475497,13.93359375,10.47265625,0.9609555294143892,0.9711997474169155
scale.partial_fractions.p3.m3,1,measured,3,0.019850922,0.007846578,2.529882708105368,12.08984375,12.06640625,0.9367323089577401,0.8868380079996888
scale.partial_fractions.p3.m3,8,measured,3,0.020121054,0.006938165,2.9000541209383175,13.953125,12.05859375,0.9608247111252733,0.9985356872269882
scale.partial_fractions.p4.m3,1,measured,3,0.024020448,0.009969497,2.4093941750521615,13.9140625,12.08984375,0.9396161137377621,0.9074680497922814
scale.partial_fractions.p4.m3,8,measured,3,0.024073008,0.009542985,2.5225868006708594,13.98046875,12.078125,0.9619072115956593,0.9963473549754087
scale.partial_fractions.p2.m6,1,measured,3,0.019548652,0.007475677,2.614967447095427,13.92578125,12.08984375,0.9341309058036329,0.8791177039885485
scale.partial_fractions.p2.m6,8,measured,3,0.020112914,0.007020276,2.864974824351635,13.97265625,12.06640625,0.9588366956672713,0.9964590092165053
scale.partial_fractions.p3.m6,1,measured,3,0.02460684,0.012725487,1.933665878563233,13.94921875,14.55859375,0.9422530526401016,0.9245225742637591
scale.partial_fractions.p3.m6,8,measured,3,0.026102886,0.011792933,2.213434605284368,13.92578125,14.5703125,0.9653015789150835,0.998417664680956
scale.partial_fractions.p4.m6,1,measured,3,0.08721802,0.044717264,1.9504328350679057,23.1015625,26.58203125,0.9753030394407027,0.9664890581567488
scale.partial_fractions.p4.m6,8,measured,3,0.088384154,0.044195022,1.99986672707166,26.07421875,26.53125,0.9804359274627441,0.9947693544632449
scale.laurent.order8,1,measured,3,0.019758173,0.006529984,3.025761318863875,12.06640625,12.06640625,0.936726285370616,0.8718244945163725
scale.laurent.order8,8,measured,3,0.018899689,0.006188993,3.0537583416235887,12.06640625,12.08984375,0.9575315176734172,0.9723714342543286
scale.laurent.order32,1,measured,3,0.020881796,0.006665854,3.1326512701898364,12.0703125,12.06640625,0.935925843944827,0.8777569985781267
scale.laurent.order32,8,measured,3,0.019322091,0.006066972,3.1847997650228153,12.078125,12.078125,0.9606039488399322,0.9401692038135634
scale.laurent.order128,1,measured,3,0.036642935,0.008090629,4.5290588655097155,12.06640625,12.0703125,0.9582781236719449,0.8905364465482226
scale.laurent.order128,8,measured,3,0.034963159,0.007378296,4.73864954726674,12.0703125,12.08984375,0.9702565172299714,0.9998930409320826
scale.period.zero_one.w2,1,measured,3,0.02993415,0.007738418,3.868251883007612,15.04296875,12.06640625,0.9480349234720442,0.8932859058682425
scale.period.zero_one.w2,8,measured,3,0.023496436,0.006860646,3.42481393151607,15.05859375,12.0546875,0.965300690208425,0.9797375260184319
scale.period.zero_inf.w2,1,measured,3,0.030256311,0.008034029,3.7660196397100387,15.01171875,12.09375,0.9520759778794798,0.8895442791380614
scale.period.zero_inf.w2,8,measured,3,0.029848009,0.007635758,3.9089778644111037,15.01953125,12.08984375,0.9684063014052294,0.9747570178337904
scale.period.zero_one.w4,1,measured,3,0.033637694,0.007993389,4.208189292426529,15.0078125,12.078125,0.9567243224223396,0.8906894167935722
scale.period.zero_one.w4,8,measured,3,0.033722123,0.007511147,4.489610308518792,15.0078125,12.05859375,0.9672285460793794,0.9739713759963997
scale.period.zero_inf.w4,1,measured,3,0.040510849,0.008824372,4.590791163382504,15.00390625,12.078125,0.95812937301645,0.8996674210924018
scale.period.zero_inf.w4,8,measured,3,0.039902277,0.008380161,4.761516753675735,15.02734375,12.0703125,0.9561609729690363,1.0002914253833557
scale.period.zero_one.w6,1,measured,3,0.037613348,0.008817392,4.265813292638004,15.02734375,12.05078125,0.9564955504625645,0.8823470704262666
scale.period.zero_one.w6,8,measured,3,0.037757309,0.008700471,4.339685633111127,15.0078125,12.0625,0.9479930524282837,0.8756997178658489
scale.period.zero_inf.w6,1,measured,3,0.082878995,0.011933584,6.9450212945247625,15.0234375,12.06640625,0.9681051125222131,0.9117090449939171
scale.period.zero_inf.w6,8,measured,3,0.086024646,0.012574657,6.841112723790398,15.0078125,12.078125,0.9650141425749081,0.896565210486457
scale.period.zero_one.w8,1,measured,3,0.039349475,0.008650062,4.5490396485019415,15.01171875,12.0625,0.9559002214556003,0.8857976942249511
scale.period.zero_one.w8,8,measured,3,0.039214504,0.008858082,4.426974597886992,15.03125,12.09375,0.9575341526809042,0.857634869489806
scale.period.zero_inf.w8,1,measured,3,0.302510352,0.031043474,9.744732564403067,15.0234375,12.08984375,0.9831825589131605,0.9570449492862816
scale.period.zero_inf.w8,8,measured,3,0.305351713,0.031439116,9.712477698164287,15.0390625,12.09375,0.9725681877463465,0.9497737539385878
scale.integration.logw0,1,measured,3,0.028470405,0.007946499,3.5827607855987904,18.05078125,12.06640625,0.9456104665291197,0.8959155325613134
scale.integration.logw0,8,measured,3,0.028497934,0.009258474,3.078037914239431,18.08203125,14.5234375,0.9618127682600033,1.2250785346798165
scale.integration.logw1,1,measured,3,0.0299334,0.008423371,3.553612918153551,18.0390625,12.06640625,0.9352165039346945,0.8839905274120677
scale.integration.logw1,8,measured,3,0.028857596,0.009194284,3.138645271344674,18.02734375,14.5078125,0.964448551940558,1.196568291583864
scale.integration.logw2,1,measured,3,0.02988721,0.008659101,3.451537290072029,18.078125,12.06640625,0.9489680718369509,0.8892361593628123
scale.integration.logw2,8,measured,3,0.030483402,0.009643486,3.161035542541359,18.03515625,14.56640625,0.9643558739358853,1.1250038436502117
scale.integration.logw3,1,measured,3,0.029299237,0.008411911,3.4830655008118847,18.02734375,12.08984375,0.9390964035859732,0.8831178823896955
scale.integration.logw3,8,measured,3,0.028529935,0.009496535,3.0042468121267385,18.0625,14.53515625,0.9646359166258177,1.1722170244199595
scale.integration.v1,1,measured,3,0.028794266,0.007700538,3.739253802786247,18.09765625,12.06640625,0.9452576426153735,0.8962540790087069
scale.integration.v1,8,measured,3,0.028118813,0.009349924,3.007384124191811,18.046875,14.53125,0.963874257423313,1.2457855272406493
scale.integration.v2,1,measured,3,0.028715246,0.00811888,3.5368481859566834,18.04296875,12.09375,0.9510767622629142,0.8984130178517018
scale.integration.v2,8,measured,3,0.029000337,0.009381875,3.091102471520885,18.05078125,14.4375,0.9627654257593491,1.2111651455599228
scale.integration.v3,1,measured,3,0.028484494,0.008319671,3.423752453672747,18.0234375,12.05859375,0.9484095327871956,0.9001638528838696
scale.integration.v3,8,measured,3,0.028591956,0.010071077,2.8390167208531922,18.07421875,14.546875,0.9508441049735005,0.9044967572500717
scale.integration.v5,1,measured,3,0.02985904,0.009163684,3.258410045566827,18.0390625,12.06640625,0.9469552958339612,0.8890839463672814
scale.integration.v5,8,measured,3,0.029398148,0.009881866,2.97495918281021,18.0546875,14.5390625,0.9644485087972209,1.229681201866349
attachment.tst0,1,measured,3,0.786412809,0.229920447,3.4203691722989733,18.0234375,22.51171875,0.9868989811939851,0.9836316494914474
attachment.tst0,8,measured,3,0.398087747,0.101198223,3.933742463047004,51.03515625,38.66796875,3.3096517761663606,2.6019725662574134
attachment.tst1,1,measured,3,13.630449358,6.120205595,2.2271227896552386,36.59375,42.50390625,0.9888756889800551,0.9882842738222278
attachment.tst1,8,measured,3,1.870138028,1.249841783,1.4962998144541948,91.453125,142.8359375,6.346783404374471,5.054440558737506
attachment.tst2,1,measured,3,202.797102606,80.796587699,2.5099711309777253,401.8984375,106.0234375,0.988096962062176,0.9896447025446552
attachment.tst2,8,measured,3,28.456491042,27.318983886,1.041637974558158,478.234375,210.859375,7.627454371645714,5.164902640185993
attachment.findroots21_a,1,measured,3,0.180003082,0.018383985,9.79129835016728,30.234375,14.5078125,0.9824400418646241,0.9401617285621328
attachment.findroots21_a,8,measured,3,0.223816113,0.020059732,11.157482712131948,30.18359375,14.58984375,0.971992524928706,0.9410117276387188
attachment.findroots21_b,1,measured,3,0.060303649,0.011143781,5.411417273903714,30.234375,14.48046875,0.9649015087506362,0.9083093072270534
attachment.findroots21_b,8,measured,3,0.062028486,0.012296117,5.044558863582706,30.20703125,14.6328125,0.9686033607204277,0.9117793943456174
attachment.parity_face,1,measured,3,42.532506765,25.741009393,1.6523247443655522,59.1171875,164.74609375,0.9886718700202151,0.9898948254503673
attachment.parity_face,8,measured,3,6.25158313,6.547276397,0.9548372103038925,107.80859375,353.1328125,4.787731837251653,3.3151793673016625
attachment.tst3,1,measured,3,2072.048847763,1569.987118009,1.3197871651269957,7522.61328125,1243.59375,0.9715347595576744,0.9725537129846235
attachment.tst3,8,measured,3,302.990814673,345.647375511,0.8765893686450326,7991.53125,1355.3203125,6.457870087948783,4.16551118613827
attachment.tst4,1,measured,3,37886.7647738,23457.092470472,1.6151517849661976,135209.49609375,18466.91015625,0.989642149966012,0.9893965802915523
attachment.tst4,8,measured,3,4101.629742447,4287.707224388,0.9566021017287254,140278.03125,18778.640625,7.59675968432488,5.462881725172661
attachment.qbox_one_mass,1,failed,0,,,,,,,
attachment.qbox_one_mass,8,failed,0,,,,,,,
attachment.qbox_collaborator,1,failed,0,,,,,,,
attachment.qbox_collaborator,8,failed,0,,,,,,,
