case,variant,sample,iterations,seconds_per_iteration,cpu,exact_output
wide_power_32,before,1,500,0.000105302,383,True
wide_power_32,after,1,500,0.00010667000000000001,383,True
parameter_leading_poles,before,1,30,0.0003277,383,True
parameter_leading_poles,after,1,30,0.0003314666666666667,383,True
improper_fallback,before,1,500,0.000156482,383,True
improper_fallback,after,1,500,0.00015835599999999999,383,True
wide_power_32,after,2,500,0.000105974,383,True
wide_power_32,before,2,500,0.000106498,383,True
parameter_leading_poles,after,2,30,0.00032776666666666665,383,True
parameter_leading_poles,before,2,30,0.0003233,383,True
improper_fallback,after,2,500,0.000155878,383,True
improper_fallback,before,2,500,0.00015373800000000002,383,True
wide_power_32,before,3,500,0.00010564,383,True
wide_power_32,after,3,500,0.00010628,383,True
parameter_leading_poles,before,3,30,0.000327,383,True
parameter_leading_poles,after,3,30,0.00032723333333333334,383,True
improper_fallback,before,3,500,0.00015417800000000001,383,True
improper_fallback,after,3,500,0.000154822,383,True
wide_power_32,after,4,500,0.00010625,383,True
wide_power_32,before,4,500,0.00010517799999999999,383,True
parameter_leading_poles,after,4,30,0.00032266666666666663,383,True
parameter_leading_poles,before,4,30,0.00032626666666666666,383,True
improper_fallback,after,4,500,0.00015451,383,True
improper_fallback,before,4,500,0.000171268,383,True
wide_power_32,before,5,500,0.00010505,383,True
wide_power_32,after,5,500,0.000106448,383,True
parameter_leading_poles,before,5,30,0.0003206,383,True
parameter_leading_poles,after,5,30,0.00032219999999999997,383,True
improper_fallback,before,5,500,0.000159262,383,True
improper_fallback,after,5,500,0.000154816,383,True
