case,flint_median_seconds,symbolica_median_seconds,flint_over_symbolica,flint_peak_mib,symbolica_peak_mib,samples_each,archive_output_equal
benchmark.tiny_rational_addition,0.014067198,0.004351638,3.232621371538717,12.046875,12.06640625,3,True
benchmark.sparse_high_degree_multiply,0.014394389,0.004672879,3.0804112411213733,12.0859375,12.0859375,3,True
benchmark.dense_polynomial_multiply,0.015151322,0.004530559,3.344250014181473,12.06640625,12.04296875,3,True
benchmark.multivariate_gcd,0.018951768,0.004707199,4.026124240763988,12.06640625,12.05078125,3,True
benchmark.dense_parameter_resultant,1.984699966,0.311698618,6.367368513645447,43.5546875,67.4765625,3,True
benchmark.shared_denominator_rat_sum,0.018167454,0.006435277,2.823103651948471,12.078125,12.0859375,3,True
benchmark.large_multiplicity_partial_fractions,0.049911854,0.024217769,2.06096003310627,27.078125,22.546875,3,True
benchmark.factor_table_multistage,0.016103706,0.00481941,3.3414268551544692,12.0859375,12.0546875,3,True
benchmark.lr_verify_three_variables,0.019986242,0.005343992,3.739946092733672,12.06640625,12.078125,3,True
benchmark.euler_filtered_massless_box,0.015862895,0.005250901,3.0209853508950175,12.0859375,12.05859375,3,True
benchmark.high_order_laurent_series,0.017149401,0.005225561,3.281829644702263,12.0625,12.0703125,3,True
benchmark.production_mzv_reduction,0.020825725,0.006531706,3.18840514254622,15.01171875,14.453125,3,True
benchmark.convergent_integration_step,0.029968723,0.005341801,5.610228273198496,19.2578125,12.0859375,3,True
benchmark.three_variable_hyperflint,0.020576024,0.005488833,3.748706510108797,18.01953125,12.06640625,3,True
api.mul_difference_of_squares,0.014294508,0.004319377,3.3093911459916554,12.0859375,12.06640625,3,True
api.gcd_shared_linear_factor,0.018226585,0.00480685,3.7917940023092047,12.0546875,12.0859375,3,True
api.resultant_linear_substitution,0.015617414,0.004440488,3.5170490270438743,12.0859375,12.0859375,3,True
api.hyperflint_discriminant_sign,0.015012462,0.004570859,3.284385276378029,12.06640625,12.0703125,3,True
api.rational_addition,0.014253478,0.004575119,3.1154332816261174,12.0859375,12.0859375,3,True
api.rational_cross_cancellation,0.018505655,0.004492929,4.118839848125799,12.0703125,12.0625,3,True
api.rational_substitution,0.017348251,0.004616339,3.758010622703402,12.0546875,12.0859375,3,True
api.two_letter_shuffle,0.014453199,0.004703659,3.0727565497413822,12.05859375,12.0859375,3,True
api.expression_parser,0.014557229,0.004529608,3.213794438724057,12.078125,12.0625,3,True
api.parser_unary_minus_power_precedence,0.015253782,0.00481228,3.169761942364118,12.0859375,12.06640625,3,True
api.parser_parenthesized_negative_base,0.015118921,0.004485678,3.3704873599932945,12.0703125,12.06640625,3,True
api.parser_right_associative_power,0.015090572,0.004387989,3.4390633157922683,12.05859375,12.0859375,3,True
api.empty_hlog_word,0.015669604,0.00464065,3.3765968129464627,12.0859375,12.0859375,3,True
api.repeated_linear_factorization,0.01465933,0.004766789,3.075304990424372,12.0859375,12.0703125,3,True
api.repeated_pole_partial_fractions,0.014100908,0.00475855,2.9632783095690916,12.06640625,12.0625,3,True
api.simple_primitive,0.016016955,0.004781099,3.3500571730474524,12.078125,12.0625,3,True
api.linear_reducibility,0.018598086,0.00492312,3.7777031638473164,12.06640625,12.0625,3,True
api.verify_order_all_linear_multigroup,0.015517943,0.004413008,3.516409442267043,12.078125,12.04296875,3,True
api.verify_order_genuine_quadratic_block,0.015443044,0.004706219,3.281412105981468,12.0546875,12.0625,3,True
api.verify_order_malformed_permutation,0.014291719,0.004596188,3.1094722409092053,12.0859375,12.0859375,3,True
api.verify_order_forbidden_dependency_carry_inert,0.01477523,0.004637069,3.186329554293887,12.0625,12.0703125,3,True
api.verify_order_e26_intersection_regression,0.093382853,0.03887616,2.4020595912765046,13.8828125,18.48828125,3,True
api.mzv_reduction,0.020987196,0.005541863,3.787029018941825,14.9921875,12.05078125,3,True
api.convergent_integration_step,0.02927323,0.005354551,5.466981265095804,22.2578125,12.0703125,3,True
api.two_variable_hyperflint,0.021416978,0.005308612,4.034383752287792,18.015625,12.06640625,3,True
api.dispatch_add,0.018069654,0.004497618,4.017605319082234,12.0859375,12.0859375,3,True
api.dispatch_algebraic_letters_allocate,0.015710404,0.004628379,3.3943642039686033,12.06640625,12.0625,3,True
api.dispatch_algebraic_letters_clear,0.016467368,0.003760975,4.378483770830702,12.05859375,12.0859375,3,True
api.dispatch_algebraic_letters_show,0.014941981,0.003822576,3.90887741669492,12.0859375,12.0703125,3,True
api.dispatch_back_substitute,0.016618629,0.004643559,3.578856002475687,12.05078125,12.04296875,3,True
api.dispatch_break_up_contour_sym,0.020270863,0.00486836,4.1637970486981235,15.015625,12.0859375,3,True
api.dispatch_collect_words,0.015193542,0.004418328,3.4387537548140386,12.0859375,12.0703125,3,True
api.dispatch_combine_wm_wp_ratios,0.014748241,0.004565949,3.230049437696304,12.0625,12.0703125,3,True
api.dispatch_concat_mul,0.013949567,0.004372258,3.19047206271908,12.078125,12.0703125,3,True
api.dispatch_convert_1inf_to_01,0.017738733,0.004249347,4.174460923054766,12.0859375,12.0859375,3,True
api.dispatch_convert_ab_to_zero_inf,0.015164342,0.004444188,3.4121738324301316,12.0703125,12.046875,3,True
api.dispatch_derivative,0.01475033,0.004425189,3.33326553961876,12.0859375,12.078125,3,True
api.dispatch_differentiate_wordlist,0.015082742,0.004343388,3.472575325989757,12.0859375,12.0859375,3,True
api.dispatch_diff_hlog,0.016634498,0.004382418,3.795735139824636,12.0625,12.0625,3,True
api.dispatch_diff_mpl,0.014901211,0.004596988,3.2415161840753117,12.0625,12.0859375,3,True
api.dispatch_divexact,0.014541459,0.004300437,3.3813910074720313,12.0859375,12.05859375,3,True
api.dispatch_eval,0.015742494,0.004231127,3.7206384965518637,12.0859375,12.06640625,3,True
api.dispatch_expand_inf_word,0.01706493,0.004263317,4.002735428775294,12.0859375,12.078125,3,True
api.dispatch_expand_zero_word,0.015216393,0.004203178,3.6202114209771747,12.05078125,12.06640625,3,True
api.dispatch_find_lr_orders_scan,0.016752788,0.004376678,3.827740583154621,12.06640625,12.0546875,3,True
api.dispatch_hlog_series,0.016550618,0.004270377,3.8756807654218823,12.0625,12.0859375,3,True
api.dispatch_hlog_zero_expand,0.015784065,0.004311498,3.6609236511300707,12.0859375,12.0546875,3,True
api.dispatch_mpl_series,0.013832107,0.004239627,3.2625764011786886,12.0859375,12.0859375,3,True
api.dispatch_mpl_sum,0.013980117,0.004505349,3.1030042289731607,12.0859375,12.078125,3,True
api.dispatch_neg,0.014459239,0.004250748,3.4015752051168406,12.0859375,12.0625,3,True
api.dispatch_pole_degree,0.014409669,0.004371738,3.2960961978965804,12.06640625,12.0859375,3,True
api.dispatch_rat_div,0.014101578,0.004392938,3.210056231160103,12.0859375,12.0859375,3,True
api.dispatch_rat_residue,0.01474407,0.004243558,3.474459404113247,12.03515625,12.0625,3,True
api.dispatch_reg0,0.013911747,0.004255327,3.2692545132254236,12.05859375,12.05078125,3,True
api.dispatch_reg_head,0.013646756,0.004322258,3.157321011378775,12.06640625,12.05859375,3,True
api.dispatch_reg_tail,0.014069918,0.004356868,3.2293652229078322,12.0625,12.05859375,3,True
api.dispatch_regzero_word,0.015609095,0.004543938,3.435147002445896,12.0703125,12.06640625,3,True
api.dispatch_shuffle_product,0.016053996,0.004269457,3.7601962029363456,12.0859375,12.05859375,3,True
api.dispatch_shuffle_symbolic,0.015959755,0.004181097,3.8171214396604527,12.0546875,12.0859375,3,True
api.dispatch_simplify_with_vieta,0.015653884,0.004394327,3.5622938393069066,12.078125,12.0625,3,True
api.dispatch_sub,0.015112902,0.004392088,3.4409378864904347,12.0859375,12.0859375,3,True
api.dispatch_sym_arith,0.023216176,0.00479747,4.839254023474874,15.00390625,12.05859375,3,True
api.dispatch_zero_inf_period,0.020519164,0.005278822,3.8870725324703126,15.02734375,12.078125,3,True
api.dispatch_zero_one_period,0.023766497,0.005308992,4.476649616349017,15.015625,12.0859375,3,True
api.dispatch_break_up_contour,0.020767815,0.004693899,4.424427325769046,15.00390625,12.0859375,3,True
api.dispatch_convert_zero_one,0.014491569,0.004407668,3.287808655279844,12.06640625,12.06640625,3,True
api.dispatch_evaluate_periods,0.020709514,0.005248292,3.9459530834031336,15.03125,12.0625,3,True
api.dispatch_factor,0.014067617,0.004534539,3.1023257270474462,12.06640625,12.06640625,3,True
api.dispatch_factor_table,0.015493303,0.004419208,3.5059003785293656,12.0859375,12.0546875,3,True
api.dispatch_fibration_basis,0.021374048,0.005014561,4.262396648480296,15.015625,12.0859375,3,True
api.dispatch_pow,0.017967213,0.004463948,4.024960192188619,12.06640625,12.0859375,3,True
api.dispatch_rat_sub,0.013852617,0.004394368,3.1523570624945383,12.0703125,12.078125,3,True
api.dispatch_rat_sum,0.015279223,0.004355308,3.5081842661873743,12.06640625,12.0859375,3,True
api.dispatch_reglim_word,0.02206469,0.004703629,4.690992848287992,15.0078125,12.05859375,3,True
api.dispatch_series_expansion,0.015486153,0.004510358,3.4334642615951996,12.0703125,12.0546875,3,True
api.dispatch_sym_reduce,0.020854415,0.00491877,4.239762176316437,15.0078125,12.06640625,3,True
api.dispatch_test_zero_function,0.021345837,0.004803989,4.443356760392249,15.01953125,12.078125,3,True
api.dispatch_transform_shuffle,0.020706705,0.005006741,4.135765161409387,14.9921875,12.0859375,3,True
api.dispatch_transform_word,0.020328383,0.004939871,4.115164748229255,15.015625,12.05078125,3,True
scale.multiply.d8.v1,0.014943871,0.004689319,3.186789169173605,12.06640625,12.0859375,3,True
scale.multiply.d8.v3,0.018360095,0.004433948,4.14080070402269,12.0859375,12.0546875,3,True
scale.multiply.d8.v8,0.01451182,0.004391398,3.3046014048373658,12.0546875,12.05859375,3,True
scale.multiply.d32.v1,0.013902507,0.004522389,3.074151073691361,12.0859375,12.06640625,3,True
scale.multiply.d32.v3,0.014588659,0.004332227,3.367473357236359,12.0859375,12.0703125,3,True
scale.multiply.d32.v8,0.013892337,0.004429858,3.1360682441739667,12.06640625,12.0859375,3,True
scale.multiply.d128.v1,0.01465248,0.004463588,3.2826685617041718,12.0625,12.0859375,3,True
scale.multiply.d128.v3,0.01460281,0.004511309,3.23693411380156,12.06640625,12.0859375,3,True
scale.multiply.d128.v8,0.014722141,0.004401538,3.3447719865192576,12.0859375,12.0859375,3,True
scale.dense_multiply.d4.v2,0.018139764,0.004470438,4.0577151500591215,12.078125,12.07421875,3,True
scale.dense_power.d4.v2,0.014521129,0.004698699,3.0904573797981105,12.0625,12.0859375,3,True
scale.dense_multiply.d4.v3,0.01706272,0.004653239,3.666847974067096,12.06640625,12.0625,3,True
scale.dense_power.d4.v3,0.014728801,0.004542429,3.2424944891818894,12.0546875,12.0625,3,True
scale.dense_multiply.d8.v2,0.014271289,0.004509509,3.1647101713290735,12.06640625,12.06640625,3,True
scale.dense_power.d8.v2,0.015029991,0.004513969,3.3296619892604493,12.0859375,12.05078125,3,True
scale.dense_multiply.d8.v3,0.015997866,0.005471422,2.9238954699527837,12.0703125,12.0703125,3,True
scale.dense_power.d8.v3,0.016889859,0.005253422,3.215020419071607,12.0859375,12.06640625,3,True
scale.dense_multiply.d12.v2,0.019074828,0.00490673,3.8874827023292498,12.0859375,12.06640625,3,True
scale.dense_power.d12.v2,0.018502146,0.004988921,3.7086468196229205,12.0703125,12.0703125,3,True
scale.dense_multiply.d12.v3,0.020088702,0.007633191,2.6317567580845282,15.55078125,15.46875,3,True
scale.dense_power.d12.v3,0.019232279,0.006863268,2.802204285188922,15.60546875,15.46875,3,True
scale.parse_rational_power.n-3,0.015866305,0.004507448,3.5200195321166214,12.0859375,12.046875,3,True
scale.parse_rational_power.n-2,0.015844685,0.004596559,3.447075301328668,12.078125,12.0859375,3,True
scale.parse_rational_power.n-1,0.015292023,0.004514979,3.386953294799378,12.078125,12.06640625,3,True
scale.parse_rational_power.n2,0.018740487,0.004572789,4.0982619141184955,12.0859375,12.06640625,3,True
scale.parse_rational_power.n3,0.014122778,0.004335668,3.257347656693271,12.05078125,12.078125,3,True
scale.parse_rational_power.n5,0.015947116,0.004576958,3.484217246476809,12.0859375,12.05859375,3,True
scale.rational_derivative.den1,0.014749411,0.004569519,3.227781961296145,12.0859375,12.06640625,3,True
scale.rational_derivative.den2,0.018855667,0.00470092,4.011058899109111,12.078125,12.0703125,3,True
scale.rational_derivative.den4,0.01453472,0.00464513,3.129023299670838,12.078125,12.0703125,3,True
scale.rational_derivative.den8,0.016038085,0.00484927,3.307319452206208,12.0546875,12.0546875,3,True
scale.gcd.d2,0.019734551,0.00482989,4.085921418500214,12.05859375,12.06640625,3,True
scale.gcd.d4,0.017104451,0.004729799,3.61631667645919,12.04296875,12.05078125,3,True
scale.gcd.d8,0.015957515,0.005024311,3.1760603593209096,12.05859375,12.046875,3,True
scale.resultant.d2,0.016268577,0.004403528,3.694441593195274,12.06640625,12.05859375,3,True
scale.resultant.d4,0.017326321,0.004616429,3.75318693301684,12.0703125,12.0546875,3,True
scale.resultant.d6,0.015278453,0.004629669,3.3001177837983664,12.0859375,12.05078125,3,True
scale.partial_fractions.p2.m1,0.014860571,0.00481272,3.0877697019564816,13.8984375,12.0703125,3,True
scale.partial_fractions.p3.m1,0.014395709,0.004837409,2.9759131386244166,13.90625,12.0859375,3,True
scale.partial_fractions.p4.m1,0.014872311,0.004807939,3.0932819655157853,13.890625,12.078125,3,True
scale.partial_fractions.p2.m3,0.015759395,0.00474114,3.323967442429458,13.921875,12.05078125,3,True
scale.partial_fractions.p3.m3,0.014912831,0.005315732,2.8054143813119246,13.9375,12.0859375,3,True
scale.partial_fractions.p4.m3,0.016789098,0.006228986,2.695317985945064,13.91015625,12.078125,3,True
scale.partial_fractions.p2.m6,0.014354459,0.004952051,2.8986896540443547,13.875,12.0859375,3,True
scale.partial_fractions.p3.m6,0.018155934,0.008036633,2.259146834252603,12.05859375,14.5625,3,True
scale.partial_fractions.p4.m6,0.049620693,0.027350432,1.8142562793889325,23.125,26.58203125,3,True
scale.laurent.order8,0.01711533,0.004539769,3.77008830184972,12.0859375,12.0859375,3,True
scale.laurent.order32,0.0145765,0.004605268,3.1651795291826663,12.0859375,12.0625,3,True
scale.laurent.order128,0.023602407,0.005475163,4.310813577604904,12.078125,12.06640625,3,True
scale.period.zero_one.w2,0.023262705,0.005379052,4.32468490730337,15.01953125,12.0703125,3,True
scale.period.zero_inf.w2,0.025538084,0.005487773,4.65363345021742,15.00390625,12.078125,3,True
scale.period.zero_one.w4,0.025559065,0.005806034,4.402155585034466,15.01953125,12.05859375,3,True
scale.period.zero_inf.w4,0.029884342,0.006200825,4.81941386831591,15.02734375,14.50390625,3,True
scale.period.zero_one.w6,0.025367944,0.005664834,4.478144284545673,15.0,12.0703125,3,True
scale.period.zero_inf.w6,0.055611997,0.007511201,7.403875492081759,15.03125,14.47265625,3,True
scale.period.zero_one.w8,0.027530953,0.005483083,5.0210717218761785,15.01953125,12.0546875,3,True
scale.period.zero_inf.w8,0.175155688,0.019600561,8.936258916262652,15.015625,14.53125,3,True
scale.integration.logw0,0.021450218,0.005352952,4.007175479996832,18.0234375,12.0703125,3,True
scale.integration.logw1,0.022316632,0.005448032,4.096274030695855,18.0234375,12.0703125,3,True
scale.integration.logw2,0.021538079,0.005552543,3.8789576235609524,18.03125,12.078125,3,True
scale.integration.logw3,0.022904184,0.005643643,4.058404119466806,18.05078125,12.06640625,3,True
scale.integration.v1,0.021347868,0.005374592,3.971997874443306,18.0390625,12.078125,3,True
scale.integration.v2,0.020719565,0.005470092,3.7877909548870474,18.05859375,12.0859375,3,True
scale.integration.v3,0.022209831,0.005479283,4.0534192156163495,18.05078125,12.06640625,3,True
scale.integration.v5,0.022248781,0.005644263,3.9418398823725966,18.046875,12.0859375,3,True
attachment.tst0,0.452517804,0.132147232,3.424345687392075,18.0234375,22.55078125,3,True
attachment.tst1,7.991754323,3.508020477,2.2781378773006518,35.7265625,42.515625,3,True
attachment.findroots21_a,0.120302414,0.011960209,10.058554495159742,30.1953125,14.484375,3,True
attachment.findroots21_b,0.043493558,0.00728544,5.969928789475996,30.1796875,14.515625,3,True
