case,execution,sample_count,wall_seconds,peak_rss_mib,exact_output,executable_sha256
tst0,serial,3,0.15129989900000002,22.484375,True,fcfba27a4817ebcc06e4228232803c27318c901855511f68a32edff3a6cdf2dc
tst1,serial,3,4.030472477,42.53515625,True,fcfba27a4817ebcc06e4228232803c27318c901855511f68a32edff3a6cdf2dc
tst2,serial,1,69.01048243,100.3828125,True,fcfba27a4817ebcc06e4228232803c27318c901855511f68a32edff3a6cdf2dc
tst3,serial,1,1254.010744246,1249.88671875,True,fcfba27a4817ebcc06e4228232803c27318c901855511f68a32edff3a6cdf2dc
findroots21_a,serial,3,0.013721434999999999,14.45703125,True,fcfba27a4817ebcc06e4228232803c27318c901855511f68a32edff3a6cdf2dc
findroots21_b,serial,3,0.008345228,14.5078125,True,fcfba27a4817ebcc06e4228232803c27318c901855511f68a32edff3a6cdf2dc
parity_face,serial,1,18.974370946,167.6875,True,fcfba27a4817ebcc06e4228232803c27318c901855511f68a32edff3a6cdf2dc
tst2,parallel2,1,54.886451173,111.58984375,True,fcfba27a4817ebcc06e4228232803c27318c901855511f68a32edff3a6cdf2dc
tst3,parallel8,1,389.183328228,1326.9921875,True,fcfba27a4817ebcc06e4228232803c27318c901855511f68a32edff3a6cdf2dc
