name,samples,cpu,rust_seconds,rust_peak_rss_mib,previous_rust_seconds,previous_rust_peak_rss_mib,reused_cpp_seconds,reused_cpp_peak_rss_mib,unpaired_rust_over_cpp_median,exact_archived_output
benchmark.tiny_rational_addition,3,244,0.004910836,12.0390625,0.006145961,12.07421875,0.013815678999999999,12.07421875,0.3554538289431884,True
benchmark.sparse_high_degree_multiply,3,244,0.004654245,12.06640625,0.006219840999999999,12.078125,0.014654203000000001,12.04296875,0.3176047854666678,True
benchmark.dense_polynomial_multiply,3,244,0.004987056,12.09375,0.006087371,12.07421875,0.014055311,12.07421875,0.35481648182669173,True
benchmark.multivariate_gcd,3,244,0.005509138,12.09375,0.006470722999999999,12.07421875,0.01584053,12.0625,0.3477874793330779,True
benchmark.dense_parameter_resultant,3,244,0.335981124,67.48828125,0.31063333,67.5078125,1.980700227,43.61328125,0.1696274476167867,True
benchmark.shared_denominator_rat_sum,3,244,0.007266433,14.49609375,0.008545302,14.44921875,0.015271276,12.0703125,0.47582356575835577,True
benchmark.large_multiplicity_partial_fractions,3,244,0.026049665,22.53125,0.02614107,22.51171875,0.050011808000000005,27.0859375,0.5208702912720132,True
benchmark.factor_table_multistage,3,244,0.005259048,12.0546875,0.006502762,12.07421875,0.015037435,12.03515625,0.3497303895245432,True
benchmark.lr_verify_three_variables,3,244,0.005814599,12.0859375,0.007425806,12.0625,0.016520872,12.0625,0.3519547273291628,True
benchmark.euler_filtered_massless_box,3,244,0.005657329,12.046875,0.007113075,12.0625,0.016697043,12.07421875,0.3388222094175597,True
benchmark.high_order_laurent_series,3,244,0.005749438,12.046875,0.006931964,12.07421875,0.017396086,12.078125,0.33050181517842575,True
benchmark.production_mzv_reduction,3,244,0.006915273,14.46484375,0.00805172,12.07421875,0.020568942,15.02734375,0.33619974231051847,True
benchmark.convergent_integration_step,3,244,0.00598222,12.09375,0.006970404,12.0703125,0.029284005000000002,19.29296875,0.2042828499721947,True
benchmark.three_variable_hyperflint,3,244,0.006146489,12.09375,0.007979989,12.078125,0.021442686,15.0625,0.2866473444604841,True
api.mul_difference_of_squares,3,244,0.004933966,12.09375,0.00622123,12.0625,0.014571322000000001,12.03515625,0.33860798628978206,True
api.gcd_shared_linear_factor,3,244,0.004937266,12.02734375,0.006323411,12.07421875,0.013711428,12.0703125,0.36008401167259896,True
api.resultant_linear_substitution,3,244,0.005037496,12.0703125,0.006124321,12.0625,0.013662397,12.07421875,0.36871245946081055,True
api.hyperflint_discriminant_sign,3,244,0.005082807,12.0703125,0.006407182,12.03515625,0.014479521,12.07421875,0.35103419512289114,True
api.rational_addition,3,244,0.004977446999999999,12.08203125,0.006520152,12.046875,0.014483642,12.04296875,0.34365990266812724,True
api.rational_cross_cancellation,3,244,0.004990666,12.08203125,0.006148481,12.04296875,0.014433132000000001,12.07421875,0.3457784491959195,True
api.rational_substitution,3,244,0.005016427,12.08203125,0.006290751,12.078125,0.013927357999999999,12.0703125,0.3601851119214427,True
api.two_letter_shuffle,3,244,0.005072737,12.046875,0.006415372,12.078125,0.014456991,12.07421875,0.3508847034628437,True
api.expression_parser,3,244,0.005082407,12.0859375,0.006117731,12.07421875,0.014506551,12.078125,0.350352540724532,True
api.parser_unary_minus_power_precedence,3,244,0.005305258,12.04296875,0.0061475,12.0703125,0.014595232,12.07421875,0.3634925433182563,True
api.parser_parenthesized_negative_base,3,244,0.005377868,12.046875,0.006208591,12.046875,0.013851048000000001,12.078125,0.38826433927598836,True
api.parser_right_associative_power,3,244,0.005261037,12.09375,0.006276261,12.03515625,0.01418715,12.078125,0.3708311394466119,True
api.empty_hlog_word,3,244,0.004852846,12.09375,0.00603355,12.046875,0.014324381,12.0703125,0.33878224825212344,True
api.repeated_linear_factorization,3,244,0.005100075999999999,12.046875,0.006136320999999999,12.03515625,0.01442534,12.0703125,0.35354979501349704,True
api.repeated_pole_partial_fractions,3,244,0.005458478,12.0703125,0.006490180999999999,12.0703125,0.014418601999999999,12.078125,0.3785719308987099,True
api.simple_primitive,3,244,0.005078476,12.0859375,0.006422861,12.078125,0.014515001,12.078125,0.34987775750067124,True
api.linear_reducibility,3,244,0.005245587,12.09375,0.0062546400000000005,12.0703125,0.014720872999999999,12.0625,0.35633667921732637,True
api.verify_order_all_linear_multigroup,3,244,0.005140387,12.08203125,0.006313471,12.07421875,0.014702821999999999,12.07421875,0.3496190731275941,True
api.verify_order_genuine_quadratic_block,3,244,0.004975447,12.08203125,0.00621181,12.04296875,0.014605282,12.07421875,0.3406607965529183,True
api.verify_order_malformed_permutation,3,244,0.005076287,12.0859375,0.006431432,12.07421875,0.013719447000000001,12.046875,0.370006677382842,True
api.verify_order_forbidden_dependency_carry_inert,3,244,0.005538568,12.06640625,0.0064248510000000005,12.078125,0.014740782,12.0625,0.3757309483309637,True
api.verify_order_e26_intersection_regression,3,244,0.043721421999999996,18.51171875,0.040223097,18.51953125,0.09141753799999999,12.0703125,0.47826076873783235,True
api.mzv_reduction,3,244,0.00611972,12.06640625,0.007280996,12.03125,0.019972906999999998,15.0390625,0.3064010662043337,True
api.convergent_integration_step,3,244,0.0058569699999999995,12.09375,0.007168715,12.078125,0.029040692,19.27734375,0.2016814888570837,True
api.two_variable_hyperflint,3,244,0.00619632,12.09375,0.007404677,12.05859375,0.02035452,15.046875,0.3044198536737786,True
api.dispatch_add,3,244,0.004912846,12.02734375,0.006271781,12.078125,0.013882298999999999,12.07421875,0.35389282423610097,True
api.dispatch_algebraic_letters_allocate,3,244,0.005226377,12.0546875,0.006492852,12.0625,0.014800962999999999,12.0625,0.3531106050329293,True
api.dispatch_algebraic_letters_clear,3,244,0.004347174,12.06640625,0.005362076,12.078125,0.01427707,12.078125,0.3044864247356075,True
api.dispatch_algebraic_letters_show,3,244,0.004330284,12.08203125,0.005446257,12.07421875,0.013418576,12.05078125,0.32270816217756637,True
api.dispatch_back_substitute,3,244,0.005294157,12.08203125,0.00625573,12.078125,0.014115169,12.03515625,0.375068622982835,True
api.dispatch_break_up_contour_sym,3,244,0.005602238,12.046875,0.006699253,12.0625,0.020042868,15.02734375,0.2795127922810249,True
api.dispatch_collect_words,3,244,0.004760675,12.04296875,0.005844009,12.0703125,0.013665567,12.0703125,0.3483701042188736,True
api.dispatch_combine_wm_wp_ratios,3,244,0.004900106,12.04296875,0.005894679,12.0703125,0.014964823,12.0703125,0.32744162760896,True
api.dispatch_concat_mul,3,244,0.004797455,12.046875,0.00613148,12.07421875,0.014114819,12.06640625,0.339887815777163,True
api.dispatch_convert_1inf_to_01,3,244,0.005005377,12.046875,0.006043409,12.078125,0.01450563,12.078125,0.345064433602677,True
api.dispatch_convert_ab_to_zero_inf,3,244,0.004753686,12.0703125,0.00620246,12.07421875,0.01439114,12.0625,0.3303203220870619,True
api.dispatch_derivative,3,244,0.004919726,12.09375,0.006275841,12.07421875,0.013886828,12.0625,0.35427284042115303,True
api.dispatch_differentiate_wordlist,3,244,0.0047951949999999995,12.0703125,0.005972618,12.0625,0.013129833,12.0625,0.3652137083540971,True
api.dispatch_diff_hlog,3,244,0.004982217000000001,12.08203125,0.0061072800000000005,12.07421875,0.013917998000000001,12.046875,0.35796937174441323,True
api.dispatch_diff_mpl,3,244,0.005198017,12.0703125,0.00615744,12.0703125,0.01428913,12.0703125,0.3637742115860098,True
api.dispatch_divexact,3,244,0.004869866,12.09375,0.0061531599999999995,12.078125,0.014034408000000002,12.0703125,0.3469947574561036,True
api.dispatch_eval,3,244,0.004768886,12.06640625,0.006427611,12.078125,0.014077508999999998,12.0625,0.33875922224592436,True
api.dispatch_expand_inf_word,3,244,0.004820926,12.0703125,0.006342401,12.0625,0.014369529999999998,12.078125,0.33549642890198916,True
api.dispatch_expand_zero_word,3,244,0.004618275,12.0390625,0.006041089,12.07421875,0.013865767,12.078125,0.33307028742081124,True
api.dispatch_find_lr_orders_scan,3,244,0.004752485,12.04296875,0.006481111,12.03515625,0.014195309,12.0625,0.33479264171001843,True
api.dispatch_hlog_series,3,244,0.004642296,12.08203125,0.00623153,12.07421875,0.014357710000000001,12.05078125,0.3233312276122028,True
api.dispatch_hlog_zero_expand,3,244,0.004924167,12.046875,0.006598542,12.07421875,0.01442412,12.07421875,0.3413842230929859,True
api.dispatch_mpl_series,3,244,0.004786506,12.0859375,0.006364021,12.03515625,0.014272809000000001,12.0625,0.3353583726931398,True
api.dispatch_mpl_sum,3,244,0.005120067,12.046875,0.0063773499999999995,12.078125,0.014260369,12.07421875,0.35904169099691596,True
api.dispatch_neg,3,244,0.004920036,12.0859375,0.006031199,12.0625,0.01449428,12.07421875,0.3394467334700309,True
api.dispatch_pole_degree,3,244,0.004892876,12.0703125,0.0066929319999999995,12.0625,0.014008368,12.0703125,0.3492823717937735,True
api.dispatch_rat_div,3,244,0.005276436999999999,12.04296875,0.006435562,12.078125,0.014534301,12.0703125,0.3630334200454497,True
api.dispatch_rat_residue,3,244,0.005052267,12.08203125,0.006308511,12.0625,0.013955417000000001,12.0703125,0.3620290959417407,True
api.dispatch_reg0,3,244,0.004857156,12.08203125,0.009573126,12.0703125,0.013562506,12.078125,0.35813115953644553,True
api.dispatch_reg_head,3,244,0.005244307,12.04296875,0.0063498700000000005,12.02734375,0.014285299,12.07421875,0.3671121619505479,True
api.dispatch_reg_tail,3,244,0.005010125999999999,12.09375,0.006396811,12.0625,0.014279638,12.06640625,0.3508580539646733,True
api.dispatch_regzero_word,3,244,0.004919916,12.0703125,0.006072159,12.04296875,0.014090707999999999,12.07421875,0.3491603118878058,True
api.dispatch_shuffle_product,3,244,0.004495444,12.0703125,0.006158589,12.078125,0.014616291,12.0625,0.3075639367059673,True
api.dispatch_shuffle_symbolic,3,244,0.004884466,12.046875,0.006312791,12.05078125,0.014276859,12.0703125,0.34212469283334657,True
api.dispatch_simplify_with_vieta,3,244,0.005169237,12.02734375,0.00620241,12.05078125,0.013981486999999999,12.07421875,0.36972011632239116,True
api.dispatch_sub,3,244,0.004764926,12.06640625,0.00613408,12.046875,0.014357469,12.0703125,0.3318778539588001,True
api.dispatch_sym_arith,3,244,0.012595440999999999,12.0546875,0.006992343,12.07421875,0.022066655999999997,14.99609375,0.5707906535543945,True
api.dispatch_zero_inf_period,3,244,0.00595853,12.0859375,0.007100124,12.0703125,0.020418548,15.03125,0.2918194770754512,True
api.dispatch_zero_one_period,3,244,0.005836579000000001,12.0703125,0.007244754999999999,12.07421875,0.02087298,15.05078125,0.2796236569957908,True
api.dispatch_break_up_contour,3,244,0.005226066999999999,12.02734375,0.007132495,12.0703125,0.020515318,15.0234375,0.2547397510484604,True
api.dispatch_convert_zero_one,3,244,0.005287437,12.09375,0.0064229510000000005,12.0703125,0.01456173,12.0625,0.363105001946884,True
api.dispatch_evaluate_periods,3,244,0.005745229,12.08203125,0.007347175,12.04296875,0.020569819,15.05859375,0.2793038188619939,True
api.dispatch_factor,3,244,0.005343768,12.09375,0.006582632000000001,12.078125,0.015137192,12.07421875,0.35302240996877093,True
api.dispatch_factor_table,3,244,0.005040416999999999,12.0859375,0.006858463,12.078125,0.015176342999999998,12.07421875,0.33212329215279335,True
api.dispatch_fibration_basis,3,244,0.005714909,12.09375,0.007159934,12.078125,0.021122391,15.0078125,0.27056165185087233,True
api.dispatch_pow,3,244,0.0048990660000000005,12.08203125,0.006840133,12.078125,0.014627689999999999,12.0625,0.3349172699175332,True
api.dispatch_rat_sub,3,244,0.004935266999999999,12.08203125,0.0063494599999999995,12.03515625,0.015093963,12.0703125,0.3269695970501584,True
api.dispatch_rat_sum,3,244,0.005176117,12.09375,0.00631403,12.0703125,0.01461191,12.07421875,0.35423958948556344,True
api.dispatch_reglim_word,3,244,0.005607198999999999,12.0859375,0.0068642830000000005,12.04296875,0.020172506,15.03125,0.27796244056142555,True
api.dispatch_series_expansion,3,244,0.004954126,12.09375,0.006570882,12.0625,0.014250518,12.07421875,0.3476453276996668,True
api.dispatch_sym_reduce,3,244,0.005361947,12.09375,0.006879962,12.07421875,0.021551944,15.015625,0.24879180272554532,True
api.dispatch_test_zero_function,3,244,0.005297838,12.0859375,0.006979193999999999,12.04296875,0.020302927000000002,15.0234375,0.2609396172285897,True
api.dispatch_transform_shuffle,3,244,0.005618799,12.08203125,0.006963193,12.06640625,0.021240271,15.04296875,0.2645351841320669,True
api.dispatch_transform_word,3,244,0.005492937999999999,12.09375,0.006836203,12.07421875,0.020789089,15.03515625,0.26422215999941123,True
scale.multiply.d8.v1,3,244,0.0048736759999999995,12.09375,0.0064073609999999994,12.03515625,0.014014186999999999,12.0625,0.3477673018063766,True
scale.multiply.d8.v3,3,244,0.005231245999999999,12.08203125,0.006493621,12.07421875,0.014408409,12.0703125,0.3630689550803284,True
scale.multiply.d8.v8,3,244,0.004950706,12.02734375,0.006650962,12.05859375,0.014347038,12.078125,0.34506815971352417,True
scale.multiply.d32.v1,3,244,0.005021307,12.0546875,0.006235409,12.0703125,0.014349428,12.07421875,0.3499308125731562,True
scale.multiply.d32.v3,3,244,0.004926186000000001,12.0859375,0.006601882,12.03515625,0.013922216000000001,12.0625,0.35383634329477437,True
scale.multiply.d32.v8,3,244,0.004942136,12.0859375,0.006181019,12.0703125,0.013961587,12.04296875,0.35398096219290826,True
scale.multiply.d128.v1,3,244,0.004807184999999999,12.0859375,0.006352741,12.078125,0.014282968,12.0625,0.33656765176537534,True
scale.multiply.d128.v3,3,244,0.0049341359999999996,12.0703125,0.00629126,12.04296875,0.013680465,12.07421875,0.3606701965174429,True
scale.multiply.d128.v8,3,244,0.005168557,12.09375,0.0064424,12.0625,0.013743594999999999,12.07421875,0.37607023489851094,True
scale.dense_multiply.d4.v2,3,244,0.004681905,12.08203125,0.00627209,12.0625,0.013945486,12.07421875,0.33572906673887165,True
scale.dense_power.d4.v2,3,244,0.005029606,12.06640625,0.006315141,12.07421875,0.014280978,12.03515625,0.3521891848023294,True
scale.dense_multiply.d4.v3,3,244,0.005041607,12.09375,0.00627342,12.0703125,0.014186037,12.078125,0.35539220714002084,True
scale.dense_power.d4.v3,3,244,0.005176368,12.08203125,0.006680732,12.03515625,0.014031917,12.078125,0.36889955948285613,True
scale.dense_multiply.d8.v2,3,244,0.005001706999999999,12.046875,0.00634089,12.0625,0.014004846000000001,12.0625,0.3571411638514268,True
scale.dense_power.d8.v2,3,244,0.005001416,12.09375,0.006653322000000001,12.06640625,0.015775605,12.078125,0.31703481419571544,True
scale.dense_multiply.d8.v3,3,244,0.005866249,12.0859375,0.007958577,12.05078125,0.016216517,12.0625,0.36174531189403986,True
scale.dense_power.d8.v3,3,244,0.005707829,12.015625,0.007068673,12.05078125,0.015478783,12.07421875,0.3687517939879382,True
scale.dense_multiply.d12.v2,3,244,0.005312598,12.0546875,0.006652351,12.07421875,0.01464133,12.046875,0.36284941327051573,True
scale.dense_power.d12.v2,3,244,0.005058976999999999,12.0859375,0.006491780999999999,12.0625,0.014945441,12.05078125,0.3384963347685759,True
scale.dense_multiply.d12.v3,3,244,0.008588598,15.4765625,0.009539925,15.49609375,0.020375336999999997,15.58984375,0.4215193103309162,True
scale.dense_power.d12.v3,3,244,0.007643185,15.484375,0.00862313,12.04296875,0.019185110000000002,15.61328125,0.3983915130014891,True
scale.parse_rational_power.n-3,3,244,0.004956116,12.06640625,0.006517331,12.07421875,0.014131217,12.04296875,0.3507211020820075,True
scale.parse_rational_power.n-2,3,244,0.004897816,12.046875,0.006532091,12.046875,0.013745834,12.05859375,0.3563127562867411,True
scale.parse_rational_power.n-1,3,244,0.012584821,12.06640625,0.006300239,12.078125,0.014724698999999999,12.0625,0.8546742449540056,True
scale.parse_rational_power.n2,3,244,0.005504618,12.09375,0.006317099,12.0703125,0.014195117,12.0625,0.38778250295506544,True
scale.parse_rational_power.n3,3,244,0.005256118,12.0703125,0.006449281,12.078125,0.014148097,12.0703125,0.37150706557920826,True
scale.parse_rational_power.n5,3,244,0.004910675999999999,12.0546875,0.006344839999999999,12.07421875,0.014633919,12.04296875,0.3355680730500148,True
scale.rational_derivative.den1,3,244,0.005177117,12.09375,0.006229839,12.0625,0.014280517,12.0625,0.3625300820691576,True
scale.rational_derivative.den2,3,244,0.0054011779999999995,12.06640625,0.00636266,12.046875,0.013979865999999999,12.078125,0.38635406090444646,True
scale.rational_derivative.den4,3,244,0.004974176,12.0703125,0.006547861,12.0625,0.01489445,12.0625,0.33396171057004453,True
scale.rational_derivative.den8,3,244,0.005713249,12.02734375,0.0067198710000000005,12.0703125,0.014716269,12.078125,0.3882267305660151,True
scale.gcd.d2,3,244,0.005543928,12.0546875,0.007146934,12.078125,0.015668552999999998,12.046875,0.35382514262803977,True
scale.gcd.d4,3,244,0.005247128,12.0546875,0.006711381000000001,12.07421875,0.014205907,12.03125,0.3693624067790955,True
scale.gcd.d8,3,244,0.005562789,12.0703125,0.006662981,12.078125,0.015233942,12.04296875,0.3651575540986043,True
scale.resultant.d2,3,244,0.005091527,12.06640625,0.0060677479999999995,12.03515625,0.014088446,12.05078125,0.36139734644970783,True
scale.resultant.d4,3,244,0.005309047999999999,12.08203125,0.00637773,12.07421875,0.014150496,12.05078125,0.37518458716924125,True
scale.resultant.d6,3,244,0.005075957,12.0703125,0.006814732,12.078125,0.01478385,12.0703125,0.34334473090568424,True
scale.partial_fractions.p2.m1,3,244,0.005252247,12.08203125,0.00633803,12.07421875,0.01480046,12.07421875,0.35487052429451516,True
scale.partial_fractions.p3.m1,3,244,0.0053345169999999996,12.0703125,0.0065351,12.0625,0.014471577999999999,12.0703125,0.3686202707127032,True
scale.partial_fractions.p4.m1,3,244,0.005494718,12.09375,0.00643496,12.0703125,0.015161731,12.078125,0.36240703650526446,True
scale.partial_fractions.p2.m3,3,244,0.005419358,12.06640625,0.006248179,12.0703125,0.014195417,12.0390625,0.381768143901655,True
scale.partial_fractions.p3.m3,3,244,0.005623518,12.0703125,0.006797372,12.046875,0.014538147999999999,12.03515625,0.3868111674196741,True
scale.partial_fractions.p4.m3,3,244,0.007423184,12.0703125,0.008157758,12.07421875,0.01713045,12.046875,0.4333326912019241,True
scale.partial_fractions.p2.m6,3,244,0.005626998,12.06640625,0.006754622,12.0625,0.014712679,12.07421875,0.3824591021118588,True
scale.partial_fractions.p3.m6,3,244,0.008936119,14.58984375,0.009889797,14.5703125,0.017753223,12.078125,0.5033519265769376,True
scale.partial_fractions.p4.m6,3,244,0.03044385,26.546875,0.028828955,26.5703125,0.04936634,23.0859375,0.6166924669724351,True
scale.laurent.order8,3,244,0.004850036,12.08203125,0.006237548999999999,12.078125,0.014572548,12.05078125,0.33282003943304905,True
scale.laurent.order32,3,244,0.005028206,12.09375,0.0066807509999999995,12.0625,0.015221961,12.0703125,0.33032577077289843,True
scale.laurent.order128,3,244,0.00621321,12.0703125,0.007145113000000001,12.03515625,0.023016317,12.078125,0.2699480546779052,True
scale.period.zero_one.w2,3,244,0.00618865,12.0703125,0.0072544129999999995,12.07421875,0.022257003,15.05859375,0.27805405786214793,True
scale.period.zero_inf.w2,3,244,0.0059993600000000005,12.08203125,0.007567515,12.078125,0.021331849,15.0078125,0.28123956812182577,True
scale.period.zero_one.w4,3,244,0.006273259999999999,12.08203125,0.008069738,12.078125,0.025445149,15.0546875,0.24654050954859802,True
scale.period.zero_inf.w4,3,244,0.006889192000000001,14.46875,0.008322848,12.07421875,0.028426633,15.05859375,0.24234991178870888,True
scale.period.zero_one.w6,3,244,0.006402571,14.515625,0.007215884,12.0625,0.025119527000000003,15.03515625,0.2548842181622289,True
scale.period.zero_inf.w6,3,244,0.008536049,14.515625,0.009645985,12.0703125,0.053372509,15.015625,0.15993344064076134,True
scale.period.zero_one.w8,3,244,0.006275171,12.09375,0.007508915,12.0625,0.026931375,15.03515625,0.23300596423316672,True
scale.period.zero_inf.w8,3,244,0.022466474,14.51171875,0.02146694,12.05078125,0.176303169,15.0234375,0.1274309141885022,True
scale.integration.logw0,3,244,0.006170691,12.09375,0.007546855,12.05078125,0.021145188999999998,15.05859375,0.2918248212394791,True
scale.integration.logw1,3,244,0.006190891,12.05078125,0.0073198939999999995,12.03125,0.020473265,15.03515625,0.3023890424902916,True
scale.integration.logw2,3,244,0.006347511,12.0859375,0.007218174,12.07421875,0.020865817,15.0546875,0.30420620481814825,True
scale.integration.logw3,3,244,0.006468121,12.0859375,0.007411094,12.0625,0.020982637000000002,15.05078125,0.308260634733375,True
scale.integration.v1,3,244,0.00588023,12.0703125,0.0069246920000000005,12.07421875,0.020464555000000002,15.015625,0.2873373010065452,True
scale.integration.v2,3,244,0.006248031,12.06640625,0.007103593,12.07421875,0.020951637000000002,15.046875,0.2982120681071364,True
scale.integration.v3,3,244,0.006383612,12.09375,0.007270194,12.0703125,0.021117618,15.0,0.3022884493885627,True
scale.integration.v5,3,244,0.0066139219999999995,12.06640625,0.008341429,12.0703125,0.021099958000000002,15.04296875,0.3134566428994787,True
attachment.tst0,3,244,0.15129989900000002,22.484375,0.13702768299999998,22.53515625,0.453138396,18.05859375,0.3338933542943468,True
attachment.tst1,3,244,4.030472477,42.53515625,3.692283474,69.8671875,7.974961508000001,35.23046875,0.5053908376807679,True
attachment.findroots21_a,3,244,0.013721434999999999,14.45703125,0.01352162,14.47265625,0.118321181,27.22265625,0.11596769812498745,True
attachment.findroots21_b,3,244,0.008345228,14.5078125,0.00903701,14.48828125,0.041519356,27.18359375,0.20099608481403228,True
