comparison,case,workers,backend,sample,cpus,wall_seconds,cpu_seconds,busy_cores,peak_rss_mib,sampled_runqueue_wait_seconds,exact_output,effective_request_sha256,binary_sha256
main,attachment.tst2,8,baseline,1,"64,65,66,67,68,69,70,71",15.888043,86.364421,5.435813,170.859375,1.238562,True,a6cec6c0c1465a16f0bee39ef875751a5f1ac6c8f49bc5d581176a0cbd14350b,08a9007b2fc8bd6923787236a37804fd8125466dc36723c69dd39c6f709663da
main,attachment.tst2,8,candidate,1,"64,65,66,67,68,69,70,71",11.148236,80.086223,7.183757,198.882812,0.206754,True,a6cec6c0c1465a16f0bee39ef875751a5f1ac6c8f49bc5d581176a0cbd14350b,c47afb9d4964b6e8a2608d527c7ef95167540d555411a268d6bac9d42b39b1a1
main,attachment.tst2,8,candidate,2,"64,65,66,67,68,69,70,71",11.282758,80.441950,7.129635,186.871094,0.012679,True,a6cec6c0c1465a16f0bee39ef875751a5f1ac6c8f49bc5d581176a0cbd14350b,c47afb9d4964b6e8a2608d527c7ef95167540d555411a268d6bac9d42b39b1a1
main,attachment.tst2,8,baseline,2,"64,65,66,67,68,69,70,71",14.916361,79.322933,5.317848,218.878906,2.622655,True,a6cec6c0c1465a16f0bee39ef875751a5f1ac6c8f49bc5d581176a0cbd14350b,08a9007b2fc8bd6923787236a37804fd8125466dc36723c69dd39c6f709663da
main,attachment.tst2,8,baseline,3,"64,65,66,67,68,69,70,71",14.667761,78.164586,5.329006,174.910156,1.824744,True,a6cec6c0c1465a16f0bee39ef875751a5f1ac6c8f49bc5d581176a0cbd14350b,08a9007b2fc8bd6923787236a37804fd8125466dc36723c69dd39c6f709663da
main,attachment.tst2,8,candidate,3,"64,65,66,67,68,69,70,71",11.333749,79.856092,7.045867,186.875000,0.065199,True,a6cec6c0c1465a16f0bee39ef875751a5f1ac6c8f49bc5d581176a0cbd14350b,c47afb9d4964b6e8a2608d527c7ef95167540d555411a268d6bac9d42b39b1a1
main,attachment.tst2,8,flint,1,"64,65,66,67,68,69,70,71",18.268720,139.696525,7.646761,464.457031,0.085751,True,a6cec6c0c1465a16f0bee39ef875751a5f1ac6c8f49bc5d581176a0cbd14350b,8140b11d4628defa83301a1e37790b1af78a7bce1da3dc0d5a17ec17c723d8b1
main,attachment.tst3,8,baseline,1,"64,65,66,67,68,69,70,71",227.623118,1249.995656,5.491515,998.289062,53.624631,True,d25965d982a66e0c511a013aed9e83a6eb4beb93e353bb7af97392b8f9fd2c7c,08a9007b2fc8bd6923787236a37804fd8125466dc36723c69dd39c6f709663da
main,attachment.tst3,8,candidate,1,"64,65,66,67,68,69,70,71",204.006988,1229.385247,6.026192,1032.941406,10.899879,True,d25965d982a66e0c511a013aed9e83a6eb4beb93e353bb7af97392b8f9fd2c7c,c47afb9d4964b6e8a2608d527c7ef95167540d555411a268d6bac9d42b39b1a1
main,attachment.tst3,8,candidate,2,"64,65,66,67,68,69,70,71",246.853873,1424.084072,5.768936,1032.035156,101.482684,True,d25965d982a66e0c511a013aed9e83a6eb4beb93e353bb7af97392b8f9fd2c7c,c47afb9d4964b6e8a2608d527c7ef95167540d555411a268d6bac9d42b39b1a1
main,attachment.tst3,8,baseline,2,"64,65,66,67,68,69,70,71",220.118830,1223.107786,5.556580,1027.675781,24.861415,True,d25965d982a66e0c511a013aed9e83a6eb4beb93e353bb7af97392b8f9fd2c7c,08a9007b2fc8bd6923787236a37804fd8125466dc36723c69dd39c6f709663da
main,attachment.tst3,8,baseline,3,"64,65,66,67,68,69,70,71",285.600315,1570.120137,5.497613,985.656250,65.301500,True,d25965d982a66e0c511a013aed9e83a6eb4beb93e353bb7af97392b8f9fd2c7c,08a9007b2fc8bd6923787236a37804fd8125466dc36723c69dd39c6f709663da
main,attachment.tst3,8,candidate,3,"64,65,66,67,68,69,70,71",223.353084,1315.289566,5.888835,1040.675781,65.748414,True,d25965d982a66e0c511a013aed9e83a6eb4beb93e353bb7af97392b8f9fd2c7c,c47afb9d4964b6e8a2608d527c7ef95167540d555411a268d6bac9d42b39b1a1
main,attachment.tst3,8,flint,1,"64,65,66,67,68,69,70,71",243.482683,1899.133868,7.799872,7893.660156,1.138857,True,d25965d982a66e0c511a013aed9e83a6eb4beb93e353bb7af97392b8f9fd2c7c,8140b11d4628defa83301a1e37790b1af78a7bce1da3dc0d5a17ec17c723d8b1
main,attachment.tst2,1,baseline,1,64,72.599186,71.830123,0.989407,84.714844,0.007052,True,f82341d40ab4858956de2ecd579ac78c4d7ee3e07fc17b9c804f6ea7ef21f308,08a9007b2fc8bd6923787236a37804fd8125466dc36723c69dd39c6f709663da
main,attachment.tst2,1,candidate,1,64,70.214590,69.259961,0.986404,84.230469,0.007935,True,f82341d40ab4858956de2ecd579ac78c4d7ee3e07fc17b9c804f6ea7ef21f308,c47afb9d4964b6e8a2608d527c7ef95167540d555411a268d6bac9d42b39b1a1
placement,attachment.tst3,8,baseline,1,"224,225,226,227,228,229,230,231",224.463342,1195.107965,5.324290,1000.125000,115.336736,True,d25965d982a66e0c511a013aed9e83a6eb4beb93e353bb7af97392b8f9fd2c7c,08a9007b2fc8bd6923787236a37804fd8125466dc36723c69dd39c6f709663da
placement,attachment.tst3,8,candidate,1,"224,225,226,227,228,229,230,231",243.223943,1249.443332,5.137008,1036.808594,302.732784,True,d25965d982a66e0c511a013aed9e83a6eb4beb93e353bb7af97392b8f9fd2c7c,c47afb9d4964b6e8a2608d527c7ef95167540d555411a268d6bac9d42b39b1a1
